Product Description,18,19,20,21,22,23,24,25,26,27,28,29,30,31,32,33,34,35,36,37,38,39,40,41,42,43,44,45,46,47,48,49,50,51,52,53,54,55,56,57,58,59,60,61,62,63,64
1 oz Hand Sanitizer,5,1,2,5,2,3,2,4,5,2,7,3,5,1,1,2,1,1,2,2,4,5,5,1,0,5,2,0,1,5,2,4,3,1,3,3,2,4,1,4,1,3,5,2,3,3,1
7&quot; Dog Frisbee,9,0,5,0,0,2,5,9,0,2,3,4,5,4,5,0,0,1,1,1,3,2,2,5,4,2,1,3,2,8,4,0,2,4,0,2,6,2,1,9,0,2,1,9,7,4,3
8 pc Android Sticker Sheet,12,4,3,7,4,8,10,13,2,5,7,3,7,3,3,4,3,2,6,5,5,7,5,6,1,4,11,6,4,6,5,6,4,5,7,7,8,6,2,7,1,2,9,5,9,6,3
20 oz Stainless Steel Insulated Tumbler,2,2,1,1,0,4,6,4,2,1,3,0,3,3,2,3,2,3,7,2,6,2,2,1,0,3,2,1,3,7,2,3,4,2,2,2,2,4,0,1,0,0,4,4,3,1,1
22 oz Android Bottle,3,3,4,7,0,3,4,3,4,1,5,2,8,1,0,2,4,3,4,3,7,4,4,4,2,4,3,1,4,3,4,2,4,1,3,2,2,3,0,6,2,3,5,0,1,0,1
22 oz YouTube Bottle Infuser,2,4,0,3,1,6,2,5,2,0,1,1,3,2,4,0,2,3,7,3,5,6,3,3,1,4,5,0,3,4,4,3,1,1,3,2,5,1,1,4,1,3,2,2,5,2,4
23 oz Wide Mouth Sport Bottle,2,2,1,4,0,6,6,3,2,0,6,1,6,0,0,0,2,1,1,3,2,0,2,2,0,3,0,2,6,2,2,1,2,1,2,0,0,0,2,2,1,1,0,1,2,2,1
24 oz YouTube Sergeant Stripe Bottle,4,3,1,2,1,3,2,1,3,4,2,3,7,1,1,1,0,2,2,2,3,1,0,2,3,2,2,0,4,2,1,2,4,2,2,1,1,0,1,3,0,5,3,1,0,4,0
26 oz Double Wall Insulated Bottle,15,3,2,7,1,10,4,14,7,10,13,1,10,4,5,9,4,10,8,9,10,14,10,15,6,13,8,2,13,18,3,10,13,6,10,11,14,7,6,15,4,10,12,9,8,10,5
Android 5-Panel Low Cap,1,0,0,0,0,0,0,0,0,0,0,0,0,0,1,0,0,0,0,0,0,0,0,0,0,0,0,0,0,0,0,0,0,1,0,0,0,0,0,0,0,0,0,0,0,0,0
Android 17oz Stainless Steel Sport Bottle,4,5,0,3,1,7,4,3,1,4,1,1,7,0,0,0,3,1,2,1,0,3,1,0,0,2,1,0,1,3,1,1,0,2,1,6,2,2,3,1,1,0,3,1,0,2,1
Android 24 oz Contigo Bottle,6,0,2,0,2,2,3,2,3,0,3,0,1,0,0,3,0,0,1,2,0,0,0,0,1,0,0,0,2,4,2,0,0,1,1,1,0,0,0,0,0,0,2,2,0,0,0
Android 25 oz Green Apple Stainless Steel Bottle,0,0,0,0,0,0,0,0,1,0,2,0,2,0,0,0,0,0,0,0,0,0,1,1,0,1,0,0,1,0,0,0,0,0,1,0,0,0,0,0,0,0,0,0,1,1,0
Android Baby Esssentials Set,0,0,0,0,0,3,0,1,0,0,0,0,0,0,0,0,0,0,0,0,0,0,0,0,0,0,0,0,0,0,0,0,1,0,1,0,0,0,0,0,0,0,0,0,0,0,0
Android BTTF Cosmos Graphic Tee,6,4,5,2,0,2,9,7,1,5,5,3,1,0,5,1,3,3,1,2,3,2,1,0,1,0,2,0,3,1,2,1,4,7,4,5,1,4,4,0,2,0,8,3,0,2,0
Android BTTF Moonshot Graphic Tee,6,3,3,10,1,6,2,4,2,2,4,5,7,0,1,0,2,3,0,2,8,2,2,1,2,3,2,2,5,5,6,7,6,4,4,2,0,0,2,2,3,1,2,0,2,3,2
Android Glass Water Bottle with Black Sleeve,0,0,1,0,0,0,1,1,0,1,1,0,1,0,1,0,0,0,1,1,0,0,1,0,2,0,0,0,1,0,1,0,1,1,0,0,0,1,0,0,0,3,0,1,0,1,0
Android Hard Cover Journal,0,0,0,0,0,0,0,0,0,0,0,0,0,0,1,0,0,0,0,0,1,0,1,0,1,0,1,0,2,0,0,1,0,0,0,0,0,2,1,1,0,0,0,2,1,0,1
Android Heavyweight Long Sleeve Badge Tee Black,3,0,0,0,0,0,0,0,1,0,1,0,0,0,0,0,0,0,0,0,1,0,0,0,0,0,0,0,1,0,0,1,2,0,0,1,0,1,0,0,0,0,0,0,0,0,0
Android Infant Short Sleeve Tee Aqua,0,0,0,0,0,0,0,0,0,0,0,1,0,0,0,0,0,0,0,0,0,0,0,0,0,0,0,0,0,1,0,0,0,0,0,0,0,0,2,0,0,1,0,0,0,0,0
Android Infant Short Sleeve Tee Pewter,0,0,1,1,0,2,1,4,0,2,3,1,1,0,0,1,0,1,1,1,1,1,1,0,1,1,2,1,1,1,3,3,1,1,2,2,2,1,1,0,3,0,3,0,1,2,1
Android Infant Short Sleeve Tee Pink,1,0,0,2,1,0,0,1,0,0,2,0,0,0,0,0,0,0,0,0,1,0,0,6,0,0,0,0,0,1,0,0,0,0,1,0,1,0,0,0,0,0,0,0,0,0,0
Android Journal Book Set,0,1,0,0,0,0,2,1,0,1,1,0,0,0,1,0,1,0,0,0,1,0,0,0,0,1,0,0,1,1,0,3,1,1,0,2,1,1,0,0,0,2,0,1,0,0,0
Android Large Removable Sticker Sheet,3,0,0,3,1,2,2,1,0,1,2,1,1,1,1,0,0,0,0,2,1,2,3,0,0,2,1,2,4,0,0,0,0,0,2,0,0,1,0,1,0,0,0,0,2,0,0
Android Lifted Men's Short Sleeve Tee Blue,4,0,0,2,1,2,0,1,1,1,7,1,0,1,1,1,1,0,0,0,2,1,3,0,0,1,1,0,0,1,0,2,2,1,1,0,0,0,1,0,1,2,1,2,1,2,0
Android Lunch Kit,2,1,2,0,0,2,0,2,2,1,1,1,2,0,0,1,0,1,1,1,1,1,0,1,0,0,0,1,0,1,1,1,2,0,1,1,3,1,1,1,2,0,1,0,1,1,2
Android Matrix Tee White,4,0,1,0,0,0,0,0,0,1,0,0,0,0,1,2,1,2,0,1,0,2,0,1,0,4,2,3,1,0,0,1,1,1,0,0,0,1,0,1,1,1,1,1,0,0,0
Android Men's 3/4 Sleeve Raglan Henley Black,0,0,0,0,3,0,1,0,0,0,1,0,1,0,0,0,0,0,0,0,0,0,0,0,0,0,0,0,0,0,0,0,3,0,0,1,0,1,1,1,0,2,0,0,0,0,0
Android Men's Engineer Short Sleeve Tee Charcoal,4,3,0,2,4,2,0,1,1,2,5,3,2,0,0,1,0,0,1,3,4,1,2,0,0,3,4,0,1,2,2,2,1,1,2,3,1,0,0,2,1,2,2,3,2,1,2
Android Men's Long & Lean Badge Tee Charcoal,4,2,0,5,1,0,0,3,0,3,3,0,8,0,0,0,1,0,1,1,1,2,0,3,0,1,1,1,1,1,0,1,0,0,0,0,2,2,1,0,1,1,3,3,1,1,1
Android Men's Long Sleeve Badge Crew Tee Heather,4,0,0,2,0,2,0,1,0,0,2,1,3,1,0,0,2,0,2,1,0,2,0,2,0,0,1,0,1,1,0,0,0,1,1,3,1,0,1,2,0,1,0,1,0,3,1
Android Men's Outerstellar Short Sleeve Tee Black,7,3,2,2,2,4,2,2,2,1,5,3,3,2,0,3,4,0,0,2,4,2,2,1,0,1,3,1,5,3,1,3,2,3,5,3,1,3,3,4,0,2,5,1,1,6,0
Android Men's Paradise Short Sleeve Tee Olive,1,1,1,1,1,4,0,4,0,0,0,0,1,0,0,1,2,0,1,1,3,0,0,0,0,2,1,0,1,3,0,1,1,1,0,1,1,1,0,0,1,0,0,3,1,2,1
Android Men's Pep Rally Short Sleeve Tee Navy,2,7,1,5,1,5,4,4,3,3,10,4,1,0,1,3,2,2,0,2,2,1,2,0,1,4,1,0,4,7,3,4,2,3,3,2,3,1,4,1,1,0,4,6,1,1,2
Android Men's Short Sleeve Hero Tee Heather,3,7,2,1,1,3,2,5,2,3,4,3,3,3,1,1,5,1,4,3,8,4,2,5,1,3,1,0,5,9,8,4,4,0,2,7,8,2,2,1,3,1,0,3,2,1,4
Android Men's Short Sleeve Hero Tee White,1,0,1,0,0,1,1,1,2,1,4,0,1,0,1,0,1,0,0,1,0,1,0,0,0,0,0,2,0,1,1,2,0,1,0,5,0,0,0,0,0,0,0,1,0,0,0
Android Men's Short Sleeve Tri-blend Hero Tee Grey,1,2,3,1,1,3,5,3,2,5,2,0,4,0,1,0,1,1,0,1,1,1,0,1,1,2,1,0,2,3,1,1,2,4,1,5,3,1,1,1,2,2,1,2,1,4,0
Android Men's Skater Badge Tee Charcoal,1,0,0,2,0,0,0,0,0,0,0,1,2,0,0,1,0,1,0,0,0,1,0,1,0,0,1,0,0,2,1,0,0,1,0,0,0,0,0,2,0,0,0,0,0,0,0
Android Men's Take Charge Short Sleeve Tee Purple,4,3,0,3,0,5,1,5,3,0,3,0,6,1,2,1,0,0,2,2,4,1,1,0,3,2,3,0,3,3,1,1,3,3,2,3,3,1,1,0,1,2,1,3,2,5,2
Android Men's Vintage Henley,2,1,1,0,1,1,1,1,1,0,1,0,1,0,0,0,0,0,1,2,2,4,0,1,1,1,0,0,0,2,0,1,2,0,1,4,0,0,2,0,0,0,0,2,0,1,1
Android Men's Vintage Tank,2,1,2,3,2,2,2,5,1,2,3,1,7,2,5,2,1,3,1,4,3,0,3,2,2,1,4,2,0,1,3,0,1,3,3,2,3,3,1,0,3,2,1,1,1,1,1
Android Men's Vintage Tee,0,0,0,2,0,0,0,0,0,0,0,0,1,0,0,0,0,0,0,0,1,0,0,0,0,1,0,0,0,0,0,0,0,0,0,1,0,0,0,0,0,1,0,0,0,0,0
Android Men's  Zip Hoodie,4,0,1,1,1,3,3,2,1,0,4,0,2,1,1,0,0,4,3,0,0,0,1,6,1,2,3,5,5,2,1,1,3,0,2,2,1,1,1,2,0,3,0,2,1,1,1
Android Onesie Baby Blue,0,0,2,0,0,0,0,0,0,0,1,1,0,0,0,0,0,0,0,0,0,1,0,0,0,1,0,0,0,5,1,0,1,0,0,0,0,0,0,0,0,0,0,0,0,0,0
Android Onesie Gold,1,4,1,2,1,3,2,2,0,3,4,1,2,2,3,3,0,2,1,3,1,5,1,4,2,1,4,1,2,3,0,3,2,1,4,0,1,1,1,2,1,2,1,0,0,4,2
Android Onesie Sprout Green,0,1,1,0,0,0,0,0,0,0,0,0,0,1,0,0,0,0,0,0,1,2,0,0,0,0,1,0,0,5,0,0,0,0,0,0,0,0,0,0,0,0,0,0,0,0,0
Android RFID Journal,0,0,1,2,1,0,2,3,4,0,0,0,1,1,0,0,2,0,3,1,1,4,0,3,1,0,1,0,4,0,0,2,1,1,1,3,0,0,0,0,0,0,1,0,1,2,2
Android Rise 14 oz Mug,14,6,1,10,3,7,1,5,5,7,13,5,7,5,3,1,0,3,7,4,3,3,7,7,4,10,5,5,8,13,3,6,5,7,7,4,2,2,2,7,2,4,8,7,5,2,5
Android Small Removable Sticker Sheet,6,1,0,0,3,4,3,2,0,1,0,4,1,0,3,0,0,0,0,2,1,0,3,0,0,1,2,5,2,3,2,0,0,5,3,1,2,0,0,0,0,0,5,0,2,0,0
Android Spiral Journal with Pen,2,0,0,2,1,2,1,1,0,1,0,0,0,0,0,0,0,0,0,0,0,0,1,0,0,2,0,0,2,0,0,1,0,0,0,0,0,0,0,0,0,1,0,1,1,0,0
Android Sticker Sheet Ultra Removable,6,6,1,8,4,6,6,10,7,4,10,5,3,0,1,4,0,2,7,4,3,6,5,2,1,5,4,3,3,8,4,5,2,4,8,6,4,4,2,8,0,5,4,5,4,5,2
Android Stretch Fit Hat,0,2,1,0,0,0,3,2,0,3,0,1,0,0,0,0,1,2,0,0,1,3,1,0,2,2,1,0,0,1,1,1,0,0,0,2,0,2,2,0,1,0,2,0,0,2,0
Android Stretch Fit Hat L/XL,0,0,0,0,0,0,0,0,0,0,0,1,0,0,0,0,0,0,0,0,0,0,0,0,1,0,2,0,0,2,0,0,0,1,1,0,0,0,0,0,0,0,0,0,1,0,0
Android Stretch Fit Hat M/L,1,0,2,1,0,0,0,0,2,2,1,0,3,0,0,0,0,1,0,0,0,0,2,0,0,0,0,1,0,0,0,0,0,1,0,2,0,0,2,0,0,0,1,1,0,1,0
Android Stretch Fit Hat S/M,0,0,0,0,1,0,1,0,0,0,0,0,0,0,0,0,0,1,0,0,0,0,0,0,0,0,1,0,0,0,0,0,0,0,0,4,0,1,0,0,0,0,1,0,0,2,0
Android Toddler Short Sleeve T-shirt Aqua,0,0,1,0,0,2,0,1,0,2,2,1,2,1,1,0,0,1,0,1,1,0,0,0,0,0,0,0,1,1,0,0,1,0,0,1,0,1,1,0,0,2,0,5,0,0,0
Android Toddler Short Sleeve T-shirt Pewter,0,0,0,2,1,3,1,1,0,0,0,0,1,0,0,0,0,0,0,0,0,0,2,0,0,0,1,0,2,7,0,2,2,1,0,0,1,1,0,0,0,0,2,2,0,0,1
Android Toddler Short Sleeve T-shirt Pink,0,0,0,0,1,4,3,1,1,1,2,1,0,1,0,0,1,1,0,0,1,0,0,0,1,1,0,0,0,3,0,0,1,1,0,2,0,1,0,0,0,1,1,2,0,1,1
Android Tone Hoodie Black,4,1,0,1,3,1,0,0,0,3,1,1,0,0,0,0,0,0,1,0,0,1,3,2,0,4,2,0,3,0,4,2,2,1,1,0,0,0,0,1,0,0,0,2,0,0,0
Android Twill Cap,2,1,0,2,0,1,0,2,3,4,3,1,2,1,1,1,0,3,1,1,2,1,0,0,2,2,0,0,1,2,1,0,2,0,1,3,1,0,0,3,2,0,3,1,1,0,0
Android Women's Dash Tee Grey,1,0,0,0,0,0,0,0,0,0,0,0,0,0,1,0,0,0,0,0,0,1,0,0,1,0,0,0,0,0,0,1,0,0,0,0,0,0,0,0,0,0,1,0,0,0,0
Android Women's Fleece Hoodie,0,0,0,1,0,0,0,0,0,2,1,0,0,0,0,0,0,0,2,0,0,2,0,0,0,0,0,0,0,0,0,1,1,1,1,0,0,0,0,1,0,0,0,1,0,1,0
Android Women's Long Sleeve Blended Cardigan Grey,5,0,0,0,0,2,2,3,1,2,2,0,1,1,0,3,0,2,0,5,1,2,1,5,1,0,2,2,3,3,2,4,0,3,2,2,2,0,1,2,5,0,2,2,0,0,1
Android Women's Peace Tee Black,1,0,0,0,1,0,0,0,0,0,1,0,0,0,0,0,0,0,0,0,0,0,0,0,0,1,0,0,2,0,1,1,1,0,0,1,0,0,0,1,0,0,3,0,0,0,0
Android Women's Racer Back Tank Black,0,0,0,0,0,0,0,0,0,0,0,1,0,0,0,0,0,0,0,0,0,0,0,0,0,0,0,0,1,1,0,0,0,0,0,0,0,0,0,0,0,0,0,0,0,0,0
Android Women's Short Sleeve Badge Tee Light Charcoal,1,0,0,0,0,0,2,0,0,0,0,0,0,0,0,0,0,0,0,0,0,0,0,0,0,0,0,0,0,0,0,1,0,0,0,0,0,0,0,0,0,0,0,0,0,0,0
Android Women's Short Sleeve Tri-blend Badge Tee Light Blue,0,0,0,0,0,0,0,0,0,0,0,0,0,0,0,0,0,0,0,0,0,0,0,0,0,0,0,0,0,0,0,0,0,0,0,0,0,0,0,0,0,1,0,0,0,0,0
Android Wool Heather Cap Heather/Black,1,0,1,0,1,1,2,2,1,4,2,0,3,2,0,0,0,1,2,0,0,1,1,0,0,1,1,1,2,2,2,2,0,0,1,1,0,0,1,0,2,0,1,0,0,3,1
Android Youth Short Sleeve T-shirt Aqua,0,0,0,3,0,1,2,1,0,1,5,0,0,0,0,0,1,0,0,0,1,0,2,1,2,1,0,1,1,2,1,0,0,0,1,0,1,0,0,0,0,1,1,0,0,1,0
Android Youth Short Sleeve T-shirt Pewter,2,0,0,3,0,0,0,0,0,1,4,0,0,0,0,0,0,1,0,0,0,0,2,0,1,0,1,0,0,2,0,1,2,0,1,0,0,0,0,1,0,3,0,3,0,0,1
Badge Holder,13,6,5,8,2,8,8,10,6,6,13,4,5,4,2,2,1,7,3,5,5,3,4,2,8,5,4,3,7,5,5,10,8,2,5,8,3,6,3,4,3,6,6,4,6,8,4
Ballpoint LED Light Pen,11,6,3,3,11,10,5,6,5,8,7,3,7,4,4,3,4,4,5,3,8,11,1,9,1,11,7,4,7,5,11,3,4,8,4,7,6,6,7,6,5,4,8,4,6,8,7
Ballpoint Pen & Matching Tube Case,0,1,1,1,0,2,1,2,1,0,1,0,2,0,0,2,0,0,0,1,2,3,0,1,3,1,3,0,5,2,1,3,0,3,0,0,0,0,0,0,0,0,0,1,0,2,0
Ballpoint Pen Blue,1,2,2,1,1,4,1,1,3,1,4,1,1,3,1,1,0,2,1,2,1,5,4,1,0,2,1,0,1,1,1,3,4,1,2,7,2,1,2,2,0,2,3,0,5,5,1
Ballpoint Stick Pen 4 Pack,2,1,1,1,4,3,3,8,2,4,6,2,2,1,0,2,0,0,6,1,3,3,0,3,2,1,1,1,3,5,2,2,6,4,3,3,1,4,0,3,0,1,2,2,1,5,1
Ballpoint Stylus Pen,1,0,0,0,1,2,1,2,0,0,0,0,2,0,0,0,1,1,0,0,1,0,0,3,1,1,0,2,0,0,1,2,1,1,0,3,1,2,0,0,2,3,1,1,0,0,0
BLM Sweatshirt,12,8,3,1,0,16,10,10,6,25,7,1,10,0,12,0,6,2,43,6,18,6,8,5,21,2,5,3,3,51,2,20,14,1,35,3,2,3,18,2,0,20,1,4,13,7,0
Bottle Opener Clip,2,2,1,2,0,3,0,1,1,0,3,0,1,2,5,0,2,2,2,0,2,3,0,1,0,1,0,0,0,1,1,0,1,1,0,3,1,2,1,1,1,2,1,3,1,2,3
Collapsible Shopping Bag,6,2,6,3,2,9,5,9,7,3,11,1,5,5,1,3,3,1,5,2,4,7,10,7,2,5,3,3,3,4,3,2,4,5,5,7,4,5,1,5,4,2,4,1,8,5,2
Color Changing Grip Pen,1,3,2,2,1,3,4,0,7,0,3,3,2,4,1,0,0,1,1,1,2,4,2,3,0,4,2,2,2,3,2,0,4,1,1,1,1,1,3,2,0,2,3,2,0,0,0
Colored Pencil Set,5,2,2,4,3,11,3,6,6,7,6,4,7,0,4,4,0,4,6,2,4,1,5,2,1,3,2,2,2,4,5,1,2,2,3,3,3,2,1,5,1,2,4,5,5,0,1
Compact Journal with Recycled Pages,0,0,0,0,0,0,0,0,0,0,0,0,0,0,0,0,0,0,0,0,0,0,0,0,0,0,0,0,1,0,0,0,0,0,0,0,0,0,0,0,0,0,0,0,0,0,0
Compact Selfie Stick,2,1,1,1,1,2,3,2,1,0,2,1,3,0,0,1,0,1,0,1,1,2,0,1,0,1,0,2,3,1,3,0,3,1,1,2,1,0,0,1,0,1,2,1,1,1,2
Crunch Noise Dog Toy,4,0,2,3,4,4,3,7,1,5,5,3,5,1,0,1,0,0,2,2,3,6,2,6,4,4,2,1,1,5,2,1,4,1,3,4,1,3,0,2,3,4,5,2,3,1,1
Electronics Accessory Pouch,2,2,3,3,2,1,1,5,2,1,3,2,1,1,2,1,4,1,0,0,5,1,0,2,2,1,1,2,2,5,1,0,1,1,4,1,4,1,0,3,1,2,2,3,2,1,0
Emoji Sticker Sheet,0,0,0,1,0,1,0,2,0,0,0,0,1,1,1,2,0,0,0,2,0,0,1,0,0,1,3,3,2,2,0,0,1,0,1,1,2,1,0,3,1,3,0,0,0,1,3
Engraved Ceramic Google Mug,2,3,1,5,5,3,2,4,1,6,8,0,6,3,0,1,1,0,2,1,5,4,3,1,4,7,3,3,4,3,0,2,1,3,1,4,1,1,3,2,0,7,3,3,0,6,0
Executive Twist Ballpoint Pen,1,0,0,1,1,2,1,1,1,1,1,0,1,1,1,0,0,2,0,0,1,0,0,0,0,0,0,0,1,1,0,0,1,1,0,0,0,0,0,1,0,0,4,1,1,1,1
Foam Can and Bottle Cooler,10,6,10,5,3,11,6,7,12,10,13,4,9,2,4,4,3,3,4,10,9,8,7,6,4,7,2,3,6,11,6,7,7,7,3,11,4,8,7,7,1,5,9,2,4,3,2
Four Color Retractable Pen,9,4,3,4,7,10,4,9,8,6,13,7,8,2,4,5,4,5,4,8,11,6,3,8,2,10,7,10,5,7,5,5,8,2,8,14,11,8,3,7,9,7,14,9,10,7,4
Galaxy Screen Cleaning Cloth,5,2,2,2,0,4,4,4,1,3,10,3,2,0,1,1,0,3,0,0,6,3,7,0,4,8,4,5,2,6,2,1,3,0,1,5,3,1,1,1,1,4,3,4,2,3,1
Gel Roller Pen,0,0,0,1,2,0,0,0,1,0,4,2,0,0,0,1,1,0,0,4,0,0,0,0,0,3,1,0,0,3,0,1,1,3,1,3,0,0,0,3,0,1,1,0,1,2,0
Gift Card - $10.00,0,0,0,0,0,1,2,0,0,0,1,0,0,0,0,0,0,0,0,0,0,1,0,0,0,0,0,0,0,0,0,0,0,0,0,0,0,0,0,0,1,0,0,0,0,0,0
Gift Card - $25.00,1,0,1,0,0,1,1,0,0,0,1,0,1,0,0,6,4,1,1,5,5,0,8,3,1,1,0,0,0,1,0,0,0,0,1,0,2,0,0,0,1,0,0,1,2,1,1
Gift Card - $50.00,0,0,0,0,0,0,0,0,0,0,0,0,1,0,0,2,0,0,0,0,0,0,0,1,1,1,0,0,0,1,0,0,1,0,0,0,0,0,0,0,0,0,0,1,0,3,0
Gift Card - $250.00,0,0,0,0,2,0,0,4,0,0,13,0,0,9,0,0,0,5,2,0,0,0,0,0,0,0,0,0,1,2,0,0,1,0,0,0,1,0,0,0,0,0,0,3,2,0,0
Gift Card- $100.00,0,0,0,0,1,0,0,11,0,1,8,0,0,0,0,0,2,8,2,0,2,0,1,0,0,1,3,0,0,1,0,0,0,0,0,1,0,1,0,0,1,0,0,0,1,0,0
Google 3/4 Sleeve Raglan Badge Henley Black,0,0,0,1,0,0,3,1,0,0,3,2,0,0,1,0,1,0,0,0,2,0,0,1,0,0,0,0,0,1,0,1,3,0,0,0,0,0,0,1,0,0,0,0,0,0,0
Google 5-Panel Cap,3,1,0,1,0,1,0,2,2,2,3,0,4,0,0,0,1,1,1,3,2,1,0,1,0,3,0,0,1,3,1,0,0,2,1,3,2,3,1,0,0,2,1,1,0,0,1
Google 5-Panel Snapback Cap,1,0,0,5,1,1,2,4,0,2,1,0,4,1,0,2,1,0,0,3,1,3,2,1,0,2,4,0,0,3,1,1,1,0,1,0,0,3,3,0,1,1,2,1,0,2,2
Google 17oz Stainless Steel Sport Bottle,8,6,4,4,5,9,8,10,3,5,7,3,10,4,5,2,1,6,3,4,6,5,3,5,1,7,2,7,8,9,4,5,2,4,9,6,6,4,0,7,3,4,15,3,5,8,5
Google 22 oz Water Bottle,32,18,13,21,5,31,15,29,8,15,27,13,17,10,17,12,11,18,26,15,29,37,27,23,4,31,19,15,11,37,21,20,21,19,17,24,15,25,13,27,6,14,33,19,17,15,10
Google 25 oz Blue Stainless Steel Bottle,4,0,0,1,0,1,1,1,2,3,1,1,2,1,1,1,1,0,1,0,2,1,2,3,1,1,0,0,0,1,0,1,2,0,0,1,0,2,2,1,1,0,0,1,2,1,0
Google 25 oz Red Stainless Steel Bottle,3,2,0,1,1,6,2,2,3,3,2,3,3,3,1,1,0,1,1,2,1,1,2,0,5,2,1,2,2,3,2,1,3,0,2,4,0,2,2,1,2,0,2,4,0,5,2
Google 40 oz Insulated Monster Bottle,1,0,0,0,0,1,0,0,0,2,0,1,1,0,0,0,0,0,0,1,0,2,0,0,0,0,0,0,0,0,0,1,1,0,0,0,0,0,0,1,0,0,0,0,0,0,0
Google Accent Insulated Stainless Steel Bottle,1,0,0,0,1,1,0,1,0,2,2,0,2,0,0,0,0,0,2,0,1,0,2,0,1,1,0,1,3,0,0,0,0,0,0,1,0,1,0,0,0,0,1,0,0,0,0
Google Alpine Style Backpack,11,0,0,3,6,5,3,7,1,3,10,1,2,1,3,2,1,0,3,3,5,1,3,4,3,7,3,5,2,6,3,2,3,4,2,6,3,5,1,3,3,3,3,4,1,4,3
Google Baby Essentials Set,0,1,0,3,2,7,6,5,2,1,6,2,2,1,2,2,0,0,0,3,4,0,7,0,2,3,1,2,1,4,2,3,2,0,6,2,4,2,2,4,3,1,7,0,1,0,1
Google Ballpoint Pen Black,2,1,2,1,0,2,0,1,3,1,2,4,3,0,0,1,1,3,1,4,3,1,1,2,0,4,1,0,0,4,1,0,3,0,0,1,1,1,1,1,0,1,2,2,2,3,0
Google Blackout Cap,9,4,0,9,3,12,6,8,3,10,14,0,5,3,4,4,2,6,8,6,6,9,5,4,1,9,4,2,4,6,5,7,5,6,5,5,3,5,8,10,3,6,13,2,8,3,4
Google Braille Tee Black,2,0,0,1,0,1,0,0,1,0,1,0,1,0,0,1,2,0,0,0,0,2,0,0,0,0,1,0,5,0,0,0,0,0,2,0,0,0,0,0,1,0,1,0,0,0,0
Google Canvas Tote Natural/Navy,7,5,4,4,3,7,6,3,4,4,11,4,4,6,5,1,2,2,3,2,4,10,3,5,3,6,6,2,5,11,2,5,4,5,5,5,3,5,1,6,1,7,3,0,6,9,4
Google Collapsible Pet Bowl,3,1,0,2,2,6,6,6,2,0,5,1,5,1,1,3,3,2,4,2,1,0,0,2,5,5,1,3,2,10,1,0,0,1,3,3,3,2,0,0,1,4,3,2,3,2,0
Google Crew Sweater Navy,4,0,2,1,7,1,4,2,0,2,3,5,4,0,1,0,3,0,2,2,10,2,0,5,3,3,0,2,3,3,5,4,2,4,5,4,0,8,7,1,1,3,3,12,1,0,1
Google Crewneck Sweatshirt Navy,5,0,2,0,0,0,0,0,0,4,2,4,1,0,0,0,2,0,0,1,0,9,3,3,0,1,0,0,0,1,4,2,0,2,1,1,0,0,1,2,1,1,0,0,0,0,0
Google Doodle Decal,11,6,6,5,4,7,9,8,6,4,9,3,11,5,7,2,3,2,6,6,8,8,8,7,7,9,6,6,6,16,6,6,7,6,7,8,15,3,6,8,1,6,15,6,7,6,6
Google Emoji Sticker Pack,0,0,0,2,2,4,0,2,0,0,0,1,0,1,2,0,0,2,1,0,1,1,1,1,0,3,2,0,2,0,0,1,0,1,0,1,0,1,0,2,1,0,0,2,0,0,0
Google Executive Umbrella,1,2,0,3,2,3,1,1,0,3,0,0,1,0,0,2,1,0,1,0,2,2,1,0,0,0,0,1,2,0,1,0,2,0,0,0,1,4,0,1,0,1,2,0,0,0,0
Google Flower Tee Purple,1,0,0,1,0,0,1,0,1,1,0,0,0,0,1,0,0,0,1,0,1,2,0,0,0,0,0,0,0,0,0,0,0,1,0,1,0,0,0,0,0,0,1,0,0,0,0
Google French Terry Cap,0,0,1,0,0,0,0,0,0,0,0,0,0,0,0,0,0,1,0,2,0,1,0,0,0,2,0,0,0,0,0,0,0,1,0,0,0,2,0,1,0,0,0,0,0,0,1
Google Hard Cover Journal,3,2,0,2,0,10,5,2,4,2,9,0,4,2,2,3,0,0,4,1,5,2,3,1,1,2,0,0,4,4,4,2,2,3,3,5,4,3,3,1,1,4,6,2,0,7,3
Google Hub Mug White,0,0,0,0,0,0,0,1,0,0,0,0,0,0,0,1,0,0,0,0,1,1,0,0,0,0,0,0,0,0,0,0,0,0,0,0,0,0,0,0,0,0,0,0,0,0,0
Google Infant Short Sleeve Tee Cornflower Blue,0,0,0,0,0,0,0,0,0,0,0,1,0,0,0,0,0,0,0,0,0,1,0,0,0,0,0,0,0,0,0,1,0,0,0,0,0,0,1,1,0,0,0,0,0,0,0
Google Infant Short Sleeve Tee Green,3,0,0,0,0,1,0,0,1,0,0,0,0,0,0,0,0,0,0,0,0,0,0,0,0,0,0,0,0,0,1,0,0,0,0,0,0,0,0,0,0,0,0,0,0,0,0
Google Infant Short Sleeve Tee Red,0,0,1,1,0,1,2,3,0,2,1,0,0,0,1,0,0,1,0,2,1,3,1,1,2,1,3,3,2,1,4,2,0,3,2,2,2,0,1,1,3,0,2,0,0,2,0
Google Infant Short Sleeve Tee Royal Blue,0,1,0,0,0,0,1,4,1,1,0,0,1,0,0,0,0,0,0,1,0,0,0,1,0,0,0,0,0,1,2,0,0,0,0,0,0,0,1,0,1,1,0,0,0,2,0
Google Infant Short Sleeve Tee White,0,2,0,1,1,3,2,3,2,3,3,2,2,1,0,2,1,1,0,2,1,3,0,5,0,2,1,0,1,3,1,0,1,2,1,2,2,1,2,1,0,0,3,1,0,1,0
Google Infant Zip Hood Pink,1,0,1,2,0,1,5,0,0,2,2,0,0,2,0,0,0,0,0,1,2,0,0,1,0,0,2,1,1,3,0,0,1,1,3,2,0,0,1,2,2,1,3,2,1,0,0
Google Infant Zip Hood Royal Blue,1,2,2,0,0,2,0,0,0,0,6,3,4,1,1,0,0,1,0,0,2,2,1,2,0,1,1,1,1,2,0,0,2,0,1,0,0,0,1,1,2,1,2,2,0,0,1
Google Infuser-Top Water Bottle,0,1,0,0,2,1,0,1,1,2,5,0,1,0,0,0,0,0,1,1,1,0,2,0,2,1,0,0,3,0,0,1,0,0,0,0,0,0,1,0,1,3,0,1,0,0,1
Google Insulated Stainless Steel Bottle,1,0,0,1,1,0,1,2,0,2,1,0,2,0,0,1,0,0,0,0,1,1,1,0,2,1,0,1,5,3,1,0,0,1,1,1,3,0,0,1,0,2,2,1,0,1,0
Google Kick Ball,4,5,6,7,1,12,8,12,3,5,8,4,12,5,4,2,2,2,1,5,14,9,9,3,2,8,6,5,5,5,13,7,7,6,6,6,7,3,7,6,4,4,10,7,7,4,3
Google Laptop and Cell Phone Stickers,23,18,12,14,17,17,15,27,13,19,34,14,19,10,8,15,10,8,17,24,23,19,16,16,8,27,20,11,19,27,14,17,17,15,17,21,22,12,6,21,6,18,25,22,18,21,14
Google Laptop Backpack,4,1,0,2,0,3,1,5,1,1,4,1,3,0,0,1,0,2,0,2,1,2,1,0,0,1,0,0,0,3,0,0,3,2,0,0,1,1,1,0,1,2,4,2,2,0,1
Google Large Standard Journal Grey,0,0,0,0,0,0,0,0,0,0,0,0,0,0,0,0,0,0,0,0,1,0,0,0,0,0,0,0,0,0,0,0,0,0,0,0,0,0,0,0,0,0,0,0,0,0,0
Google Large Standard Journal Navy,3,3,3,1,3,3,2,1,1,0,3,2,3,0,1,2,1,0,1,3,2,1,2,2,1,3,1,2,1,4,2,2,1,5,0,4,2,3,1,3,1,0,3,0,1,1,2
Google Leather Journal-Black,1,0,2,0,0,1,1,1,1,1,4,1,1,1,1,0,0,0,3,1,0,3,0,2,1,1,2,0,3,2,1,2,2,0,1,1,0,0,0,2,0,1,2,0,1,1,0
Google Leather Journal-Brown,0,0,0,0,0,1,1,2,0,2,1,0,0,1,1,1,1,0,1,0,4,0,1,0,1,3,1,0,3,3,1,0,2,2,1,1,0,0,0,0,0,1,0,1,2,2,0
Google Leather Perforated Journal,0,1,0,1,3,1,2,1,0,0,1,0,1,0,0,0,1,1,0,0,2,1,1,5,6,1,0,2,1,2,1,2,2,0,0,2,2,1,0,2,0,0,2,1,0,1,0
Google Lunch Bag,4,1,0,0,3,4,2,2,3,3,4,1,3,1,0,1,0,1,0,5,2,1,5,1,2,5,3,2,4,5,5,0,0,1,1,1,4,3,0,1,2,3,2,0,1,1,3
Google Men's 3/4 Sleeve Raglan Henley Grey,1,0,0,1,4,0,4,0,0,0,3,0,1,1,0,0,0,0,0,1,0,0,0,0,0,2,3,0,0,0,1,0,0,0,1,2,0,0,0,0,0,0,0,0,0,0,0
Google Men's 100% Cotton Short Sleeve Hero Tee Black,20,12,9,22,11,20,17,22,7,11,24,8,11,7,15,9,11,9,6,17,14,12,13,11,15,15,5,5,24,24,12,6,11,12,13,15,11,8,12,14,5,13,17,14,15,5,6
Google Men's 100% Cotton Short Sleeve Hero Tee Navy,8,8,7,14,2,6,6,11,5,6,14,5,8,3,4,6,6,5,12,5,8,9,8,4,3,14,9,6,13,14,3,8,4,8,8,13,12,8,5,8,2,4,15,7,6,8,8
Google Men's 100% Cotton Short Sleeve Hero Tee Red,8,4,1,10,5,3,3,8,5,4,13,4,6,4,4,3,0,5,6,3,4,8,4,3,4,9,3,4,8,13,3,12,9,3,10,10,8,9,10,4,2,11,3,3,7,4,4
Google Men's 100% Cotton Short Sleeve Hero Tee White,11,12,8,25,11,5,15,16,9,13,15,2,13,7,11,7,6,4,15,7,14,9,11,8,11,12,9,2,17,23,14,8,2,13,11,11,15,8,8,9,4,13,20,12,11,13,4
Google Men's Airflow 1/4 Zip Pullover Black,1,0,2,0,1,0,1,1,0,0,0,2,1,0,2,0,1,1,4,1,1,0,2,1,2,2,1,1,0,4,0,1,1,0,3,1,1,0,2,0,1,2,1,5,2,2,1
Google Men's Airflow 1/4 Zip Pullover Lapis,0,1,1,5,0,3,3,8,1,0,3,0,2,1,5,4,1,2,0,1,2,0,1,1,1,3,2,6,2,6,1,1,0,4,3,2,2,4,2,1,3,1,3,2,1,2,1
Google Men's Around The Block Short Sleeve Tee Ash,2,0,1,2,1,4,2,1,1,1,2,2,1,0,0,0,1,1,2,1,1,0,0,0,2,2,3,0,0,0,0,0,3,1,1,2,1,1,3,0,1,2,2,1,3,1,0
Google Men's Bayside Graphic Tee,3,4,0,1,2,4,2,3,2,0,7,3,2,2,2,2,1,0,3,1,5,3,3,2,1,2,1,4,0,2,3,6,5,5,6,2,3,2,1,1,2,3,3,2,2,4,1
Google Men's Bike Short Sleeve Tee Charcoal,6,7,5,13,3,18,10,13,6,11,15,6,11,5,7,6,4,3,7,10,11,13,8,10,17,3,12,5,11,15,12,9,6,6,23,12,6,5,6,16,4,10,12,10,8,11,4
Google Men's Colorblock Tee White/Heather,1,0,0,1,2,1,0,1,1,0,0,0,1,0,0,0,1,0,0,0,0,1,0,0,0,0,0,0,1,0,0,0,0,3,0,0,1,1,0,1,0,0,0,1,1,0,3
Google Men's Convertible Vest-Jacket Pewter,0,0,0,1,0,0,1,0,0,1,1,0,2,0,0,0,0,0,0,0,0,1,1,1,0,2,0,0,0,0,0,0,0,1,0,0,0,0,0,1,0,0,0,1,0,0,0
Google Men's Heavyweight Long Sleeve Hero Tee Burgundy,1,1,0,0,0,0,0,0,0,0,0,1,1,1,0,0,0,2,0,0,0,0,0,0,0,0,0,0,0,0,0,0,0,0,0,0,0,0,0,1,0,1,0,0,0,0,0
Google Men's Heavyweight Long Sleeve Hero Tee Navy,0,0,0,0,0,0,0,0,0,0,0,0,0,0,0,0,0,0,0,0,0,0,0,0,0,0,0,0,0,0,0,0,0,0,5,0,0,0,0,0,0,0,0,0,0,0,0
Google Men's Lightweight Microfleece Jacket Black,2,1,1,2,0,1,2,1,0,0,1,1,0,2,0,0,0,2,0,2,2,2,4,2,0,3,3,1,5,5,1,0,0,2,3,4,2,2,2,1,1,2,3,3,1,3,0
Google Men's Long & Lean Tee Charcoal,9,6,3,7,1,6,6,7,2,7,9,1,12,2,5,2,2,6,7,10,4,8,9,6,5,8,1,5,3,11,2,12,3,8,5,3,3,3,6,5,0,2,7,3,3,4,7
Google Men's Long & Lean Tee Grey,0,0,2,1,0,1,1,2,0,4,0,0,1,0,1,0,0,2,1,1,2,2,2,1,0,2,0,0,1,3,0,0,2,0,3,0,0,1,1,0,0,1,1,0,2,0,1
Google Men's Long Sleeve Pullover Badge Tee Heather,4,0,1,0,1,0,0,0,1,1,1,0,3,0,0,0,1,0,0,0,0,0,0,1,0,3,1,0,0,1,1,0,2,1,0,0,0,0,0,0,0,0,2,3,0,0,3
Google Men's Long Sleeve Raglan Cranberry,2,0,0,0,0,0,0,1,0,0,1,0,1,0,0,0,0,0,1,0,1,1,0,0,0,3,0,0,0,1,1,0,3,0,0,1,0,0,0,0,0,1,1,0,0,0,0
Google Men's Long Sleeve Raglan Ocean Blue,3,1,0,10,1,7,5,6,0,4,5,2,10,3,2,1,0,2,3,2,2,2,1,3,2,8,4,2,0,5,6,4,3,1,1,9,3,6,1,1,3,5,6,4,7,5,1
Google Men's Microfiber 1/4 Zip Pullover Blue/Indigo,3,2,0,1,1,3,3,1,2,0,2,0,0,0,4,1,1,1,2,0,0,0,0,1,1,2,4,4,5,2,2,0,1,1,2,2,3,3,1,2,1,0,4,1,1,1,2
Google Men's Microfiber 1/4 Zip Pullover Grey/Black,1,0,0,0,0,0,0,0,0,0,0,0,0,0,0,0,0,0,0,0,0,0,0,0,0,0,0,0,0,0,0,0,1,0,0,0,0,2,1,0,0,1,0,0,0,0,0
Google Men's Performance 1/4 Zip Pullover Heather/Black,0,0,1,2,0,3,1,3,1,0,3,6,1,1,2,0,1,0,1,3,5,2,3,1,0,4,1,2,1,2,1,2,0,3,6,3,5,1,1,1,3,2,0,3,4,3,4
Google Men's Performance Full Zip Jacket Black,3,3,1,1,2,2,2,6,1,0,5,1,3,3,0,0,1,2,0,3,6,3,1,2,1,3,2,1,1,6,2,1,3,1,1,2,2,1,0,2,1,2,4,0,3,2,1
Google Men's Performance Hero Tee Gunmetal,1,1,1,3,0,0,8,1,0,1,0,1,2,0,1,0,0,1,2,1,1,1,4,0,3,1,0,0,2,2,1,1,3,0,2,3,0,1,2,1,0,0,3,1,2,2,0
Google Men's Performance Polo Grey/Black,0,1,1,0,0,0,1,1,0,1,0,0,3,0,0,0,0,0,0,0,0,0,1,0,0,0,2,0,0,0,0,0,0,0,0,1,0,0,0,0,2,0,0,2,1,1,0
Google Men's Pullover Hoodie Grey,0,2,2,4,0,2,4,5,5,2,5,1,3,3,1,1,0,3,3,1,1,1,2,1,2,2,0,0,3,6,8,3,1,3,2,0,3,2,2,1,2,4,5,2,2,0,4
Google Men's Quilted Insulated Vest Battleship Grey,2,1,0,1,1,4,2,1,1,2,7,2,3,0,2,1,2,2,2,1,1,1,4,1,1,1,1,1,4,6,2,1,0,3,6,3,1,3,1,0,1,1,6,2,4,0,3
Google Men's Quilted Insulated Vest Black,3,2,0,1,1,3,1,4,2,3,2,1,2,1,2,1,0,4,1,4,1,2,2,3,1,7,2,2,4,4,3,2,2,2,2,7,5,3,0,5,3,6,2,2,2,7,1
Google Men's Short Sleeve Badge Tee Charcoal,7,3,3,4,3,4,5,8,4,2,4,2,3,1,4,2,2,4,5,5,3,5,4,3,3,10,4,9,6,10,3,2,6,4,4,8,17,1,6,3,5,11,3,2,2,5,1
Google Men's Short Sleeve Hero Tee Charcoal,10,3,5,5,3,5,6,5,5,3,13,3,3,2,3,4,6,3,3,3,7,9,8,8,2,7,5,5,7,14,2,8,4,5,4,7,4,1,4,5,2,6,6,3,2,2,3
Google Men's Short Sleeve Hero Tee Heather,4,1,0,1,0,3,2,2,2,1,5,1,4,2,1,1,0,2,2,0,3,1,3,2,1,1,1,1,4,0,2,1,3,0,3,5,2,1,4,1,1,6,5,3,2,0,3
Google Men's Short Sleeve Hero Tee Light Blue,4,1,0,2,0,2,2,2,1,0,3,0,1,0,0,0,0,0,2,1,2,1,1,0,2,1,0,0,1,2,3,2,2,3,1,4,1,2,3,2,2,0,2,0,0,1,2
Google Men's Short Sleeve Performance Badge Tee Black,3,4,2,4,2,3,2,13,4,1,3,2,1,2,1,5,0,4,1,2,1,1,3,1,2,3,2,6,2,5,1,2,1,7,0,6,1,2,7,5,3,2,5,8,4,2,2
Google Men's Short Sleeve Performance Badge Tee Charcoal,4,3,0,4,2,3,4,7,1,0,5,0,4,0,0,3,0,1,4,5,3,3,2,6,1,1,3,0,2,3,3,2,2,1,0,4,1,0,2,2,1,0,2,1,4,2,0
Google Men's Short Sleeve Performance Badge Tee Navy,2,2,1,4,0,1,4,7,2,1,7,5,1,0,1,1,1,0,0,1,0,1,2,0,2,3,3,0,4,4,0,3,1,3,3,3,0,1,3,0,2,1,0,2,4,1,1
Google Men's Short Sleeve Performance Badge Tee Pewter,1,3,3,3,4,3,6,6,9,3,5,3,8,1,1,5,3,2,4,4,2,3,7,3,3,5,4,2,0,11,2,6,2,0,2,6,2,2,5,1,3,3,2,6,2,4,1
Google Men's Skater Tee Grey,5,2,3,4,4,4,2,5,2,5,5,3,5,3,1,2,5,2,1,2,2,4,5,0,4,8,2,0,2,2,1,3,1,2,2,3,2,0,2,2,0,4,1,3,4,6,4
Google Men's Vintage Badge Tee Black,7,7,9,15,10,19,9,23,6,12,18,6,8,5,6,8,6,7,6,11,16,12,6,10,5,11,11,2,10,46,9,10,6,7,13,13,12,8,8,9,6,9,14,9,12,13,11
Google Men's Vintage Badge Tee Sage,10,7,4,8,6,16,4,11,8,4,11,4,6,1,8,3,1,15,6,5,12,7,11,8,2,12,9,4,16,21,9,12,7,0,8,12,8,9,9,7,3,4,8,10,9,6,6
Google Men's Vintage Badge Tee White,8,10,7,8,4,18,5,9,11,6,14,3,8,4,8,7,7,2,4,8,14,6,14,7,1,16,4,1,14,9,9,5,4,4,10,2,13,2,7,3,5,5,11,6,4,4,5
Google Men's Vintage Tank,1,1,1,0,2,4,2,4,1,2,5,2,5,1,3,2,1,2,9,3,4,1,1,1,4,2,4,1,5,4,3,1,4,1,0,1,2,1,1,3,2,1,3,4,4,2,0
Google Men's Watershed Full Zip Hoodie Grey,3,2,2,2,4,5,4,13,1,0,11,3,2,1,3,1,5,4,5,2,3,4,4,7,1,5,6,2,1,11,6,3,4,6,9,1,2,4,5,4,0,1,5,3,4,1,1
Google Men's  Zip Hoodie,5,7,3,10,2,10,12,10,8,8,14,3,10,8,5,7,5,5,10,4,7,12,5,10,8,8,8,3,6,16,12,5,20,5,8,9,6,14,7,9,1,10,8,3,5,5,6
Google Metallic Notebook Set,13,6,6,6,8,13,13,7,9,4,12,6,7,4,2,9,6,6,5,8,15,6,6,9,4,7,11,8,12,12,12,10,8,9,8,15,5,6,5,12,3,6,16,6,5,6,6
Google Onesie Green,2,1,0,3,0,0,3,1,0,3,9,1,2,0,0,0,0,1,1,2,3,2,1,0,0,1,0,1,0,4,0,1,4,0,3,1,0,0,0,4,0,1,2,1,1,0,0
Google Onesie Red,2,0,0,0,0,1,1,0,0,2,2,0,0,0,2,0,0,0,2,0,0,3,0,2,3,0,1,1,0,4,0,2,1,0,2,2,1,4,0,2,2,1,4,0,0,0,1
Google Onesie Red/Graphite,1,2,1,5,0,4,3,2,0,0,6,1,1,1,0,1,1,0,0,3,1,3,0,2,0,1,2,0,1,1,6,2,4,1,0,1,0,1,2,1,0,2,0,0,3,2,1
Google Onesie Royal Blue,1,0,1,0,1,0,1,0,0,1,0,3,0,0,0,0,1,0,0,0,1,1,1,0,0,0,1,0,1,3,0,1,1,0,0,1,0,4,1,0,0,0,0,0,1,0,0
Google Pet Feeding Mat,1,1,1,3,3,2,5,4,3,2,1,2,7,2,2,1,0,2,3,3,4,3,4,2,3,3,3,1,4,5,0,2,1,1,2,4,4,4,1,1,1,2,2,2,3,1,4
Google Protector Tee Navy,0,0,0,0,1,0,3,1,0,0,0,0,0,0,0,0,1,0,0,1,1,2,0,1,3,0,1,0,0,0,0,1,0,0,0,0,1,0,0,0,1,1,1,1,1,0,0
Google RFID Journal,6,5,3,1,4,5,4,2,4,5,3,3,2,1,1,3,0,3,3,4,9,3,2,2,5,1,2,1,3,2,5,2,4,1,2,2,1,2,1,1,2,6,4,1,4,4,0
Google Rolltop Backpack Blue,4,1,0,1,1,1,1,1,0,0,0,3,1,0,0,0,0,0,0,1,3,0,2,1,0,1,1,1,0,0,0,0,0,1,0,0,0,0,0,0,0,0,0,2,0,0,0
Google Rucksack,5,2,4,5,4,7,2,6,1,5,8,4,6,2,3,1,2,0,4,3,7,6,6,5,1,6,4,3,7,9,3,3,1,3,5,8,0,4,1,5,2,2,7,4,3,1,1
Google Slim Utility Travel Bag,2,0,0,1,0,5,0,0,0,1,2,0,4,1,1,0,2,1,1,2,0,2,1,1,0,3,0,1,0,2,3,0,3,1,1,1,1,0,0,2,0,1,0,0,1,4,0
Google Snapback Black Cap,2,0,0,1,4,3,3,2,0,0,0,2,0,0,1,0,2,0,0,0,4,0,0,1,2,0,1,0,0,0,0,1,1,1,1,0,0,3,0,1,1,0,2,0,0,0,0
Google Snapback Hat Black,1,2,2,0,1,0,2,1,3,1,3,0,0,1,0,2,1,0,0,1,0,2,0,0,0,1,1,2,0,1,2,0,0,2,0,1,0,0,2,1,0,1,0,1,4,0,3
Google Snapback Navy Cap,2,0,0,0,1,4,0,0,1,0,1,1,0,0,0,0,0,0,0,0,4,0,0,1,0,0,1,4,0,0,0,1,1,1,0,1,0,2,0,0,2,0,0,0,1,0,2
Google Spiral Journal with Pen,8,3,3,5,2,1,2,1,2,0,4,0,4,0,1,0,1,0,1,2,4,2,1,4,2,4,3,2,3,1,2,1,2,2,0,2,0,0,0,2,0,1,5,0,2,4,3
Google Spiral Leather Journal,2,2,0,0,0,2,2,5,1,0,1,0,0,0,2,0,0,1,1,2,0,1,0,0,1,0,1,0,1,0,2,0,1,1,0,0,4,0,0,4,1,3,1,1,1,1,0
Google Stretch Fit Hat L/XL Navy,0,0,0,1,0,0,0,0,0,0,0,0,1,0,0,0,2,0,0,0,0,2,0,0,0,0,0,0,0,0,1,0,0,0,0,0,0,0,0,0,0,0,0,0,0,0,0
Google Stretch Fit Hat M/L Navy,1,0,0,0,1,0,0,0,0,0,0,2,0,0,1,0,0,0,0,0,2,2,0,1,1,1,1,0,2,1,0,0,1,2,0,0,0,1,1,0,0,0,0,0,0,0,0
Google Stretch Fit Hat S/M Navy,1,0,0,0,0,1,0,1,0,0,0,1,0,0,0,0,0,0,0,0,0,1,0,0,0,0,0,0,1,1,0,0,0,1,1,0,0,1,0,2,1,1,0,1,0,0,0
Google Stylus Pen w/ LED Light,5,1,3,1,3,4,1,7,2,3,11,6,6,3,5,4,1,1,2,4,4,7,5,4,4,3,4,2,3,9,3,5,3,5,3,4,6,4,1,5,2,1,7,4,3,4,3
Google Sunglasses,44,33,30,30,25,44,39,60,30,38,54,13,37,20,24,19,21,31,28,22,30,44,32,29,15,22,26,23,49,67,36,42,23,29,32,37,37,36,40,29,25,25,27,26,45,30,25
Google Tee Blue,12,0,6,4,5,10,7,1,4,2,0,8,1,0,1,7,3,1,7,4,9,18,6,6,2,5,2,5,2,4,3,5,1,8,2,3,3,5,0,1,3,4,3,2,2,0,0
Google Tee Green,5,0,4,4,14,8,2,1,4,2,6,4,0,0,2,11,6,2,1,2,6,17,3,5,2,7,3,6,3,2,7,3,1,1,1,1,5,0,0,5,6,3,5,7,3,0,2
Google Tee Red,1,0,0,0,0,0,0,0,0,0,0,0,0,0,0,0,0,0,0,0,0,0,0,0,0,0,0,0,0,0,0,0,0,0,0,0,0,0,0,0,1,0,0,0,0,0,0
Google Tee Yellow,0,0,1,1,6,2,1,0,0,2,0,0,1,0,0,2,0,0,0,0,0,2,0,2,0,1,2,1,0,2,4,0,0,0,0,0,1,0,0,1,4,0,0,1,0,0,0
Google Thermal Bottle Blue,6,0,0,0,9,3,1,2,0,1,1,1,0,0,1,0,0,0,0,0,2,0,1,4,0,1,0,1,1,0,3,0,0,0,0,1,0,0,0,0,1,0,0,2,1,0,0
Google Thermal Bottle Green,3,0,0,0,5,2,1,1,0,0,1,0,0,0,0,1,0,0,0,0,0,0,0,1,0,2,0,1,2,0,2,0,0,0,0,0,0,0,0,1,0,0,0,2,0,0,1
Google Thermal Bottle Red,4,0,2,1,8,2,1,0,0,1,1,0,0,0,1,0,0,0,1,0,0,1,0,3,0,0,0,1,1,0,3,0,0,0,0,0,0,0,0,0,0,0,0,2,0,0,0
Google Thermal Bottle Yellow,2,0,0,0,3,1,1,0,0,0,0,0,0,0,0,0,0,0,0,0,0,0,0,1,0,0,0,1,1,0,2,0,0,0,0,0,0,0,0,1,0,0,0,2,0,0,1
Google Toddler 1/4 Zip Fleece Pewter,0,0,1,0,0,2,0,0,0,0,1,0,1,1,0,0,0,1,0,0,0,0,0,1,0,1,1,0,0,0,0,1,1,0,0,0,0,0,2,0,0,0,0,0,0,0,0
Google Toddler Hoodie Royal Blue,1,1,2,1,1,1,0,0,1,0,1,1,0,1,0,0,0,0,1,2,2,0,1,1,1,0,1,1,1,2,0,0,2,0,0,1,0,0,0,0,1,0,2,0,3,0,0
Google Toddler Raglan Shirt Blue Heather/Navy,0,1,0,1,1,1,0,2,1,3,1,2,1,2,1,0,1,0,0,0,0,0,1,0,1,1,0,0,1,1,0,1,1,2,0,0,1,1,2,1,0,2,2,1,0,0,0
Google Toddler Short Sleeve T-shirt Green,1,0,0,0,0,0,0,0,0,0,0,0,0,0,0,1,1,0,0,0,0,0,0,0,0,0,0,0,0,0,0,0,0,0,0,0,0,0,1,1,0,0,1,0,0,0,0
Google Toddler Short Sleeve T-shirt Grey,2,3,0,1,0,2,2,2,0,1,0,0,0,1,1,1,3,1,8,3,0,3,1,1,2,0,2,2,0,3,2,1,2,0,2,1,1,0,0,2,1,0,3,2,1,0,5
Google Toddler Short Sleeve T-shirt Royal Blue,1,2,0,0,0,3,0,1,0,0,0,0,1,0,0,1,1,0,0,0,0,1,3,0,0,2,2,1,1,4,0,0,0,1,1,1,0,0,1,1,2,0,2,0,0,0,1
Google Toddler Short Sleeve T-shirt Yellow,0,0,1,0,1,0,0,0,0,0,0,0,0,0,0,0,0,0,0,0,0,0,0,0,0,1,0,0,0,0,0,0,1,0,0,0,0,0,1,0,0,0,0,0,0,0,0
Google Toddler Short Sleeve Tee Red,2,2,1,2,0,3,5,2,2,0,2,1,1,2,0,1,0,0,0,1,3,0,4,1,0,1,1,4,1,3,0,0,1,3,2,1,2,2,2,1,1,1,1,1,3,0,3
Google Toddler Short Sleeve Tee White,0,2,2,2,1,3,4,2,3,2,4,2,1,1,0,2,3,1,2,3,4,1,1,1,1,5,1,4,1,8,0,0,1,0,1,1,3,0,2,4,0,1,2,2,4,1,1
Google Toddler Sports T-shirt Red,1,0,0,0,0,0,1,0,0,0,0,1,0,0,0,1,0,0,0,0,0,1,0,0,0,1,2,0,1,0,0,0,0,1,0,0,0,0,0,1,0,0,0,1,0,1,0
Google Tote Bag,0,0,2,1,1,2,2,1,2,3,4,1,2,1,0,0,0,0,3,2,1,3,3,2,0,2,0,0,2,7,1,0,1,1,1,2,1,3,1,2,0,1,2,1,2,4,2
Google Tri-blend Hoodie Grey,4,5,1,4,2,2,2,6,1,1,7,3,2,2,2,5,4,2,0,4,5,2,1,2,2,0,2,0,4,3,4,2,6,0,2,7,3,4,2,3,1,5,5,11,2,2,3
Google Trike Tee Black,1,0,0,2,0,3,1,1,1,0,1,1,0,0,2,0,1,0,0,2,2,3,0,2,1,0,1,0,0,1,1,2,0,1,0,1,2,1,2,0,2,0,1,1,0,0,0
Google Trucker Hat,2,1,3,1,0,5,1,0,0,1,0,1,0,1,0,1,0,1,2,0,1,2,1,0,0,3,1,1,0,1,0,1,3,1,2,0,0,2,0,0,1,1,3,3,1,2,1
Google Twill Cap,17,5,18,11,15,14,7,17,8,8,18,7,12,7,8,7,12,7,12,12,21,24,8,9,6,19,13,7,16,26,15,9,16,8,8,13,11,11,8,12,15,6,15,11,12,2,3
Google Vintage Henley Grey/Black,2,1,3,6,2,1,6,2,1,5,5,1,5,0,2,0,0,1,3,5,1,1,2,2,1,7,2,2,2,5,2,4,2,1,3,1,1,4,1,0,0,2,2,1,2,2,0
Google White Force 17 oz Bottle,0,0,0,0,0,0,0,2,0,0,0,0,0,0,0,0,0,0,0,0,0,0,1,0,0,0,0,0,0,0,0,0,0,0,0,0,0,0,0,0,0,0,0,0,0,0,0
Google Women's 1/4 Zip Jacket Charcoal,1,3,0,1,0,3,0,5,0,2,0,0,0,1,1,0,0,0,0,1,0,1,3,1,0,0,3,0,2,2,1,0,1,0,0,1,1,1,1,0,1,3,1,0,2,0,1
Google Women's 1/4 Zip Performance Pullover Black,3,0,0,0,3,2,3,3,0,0,1,0,3,1,0,0,0,0,1,0,1,2,0,0,0,1,1,0,2,1,3,1,4,0,3,0,2,2,2,1,0,0,2,4,1,1,0
Google Women's 1/4 Zip Performance Pullover Two-Tone Blue,0,1,0,1,1,1,1,4,2,1,3,1,1,1,0,4,1,1,2,0,1,1,0,0,2,0,1,1,5,4,1,1,1,0,1,1,0,2,1,2,0,0,2,2,0,1,1
Google Women's Coder Tee Navy,1,0,0,0,1,0,0,0,0,0,0,0,0,0,0,0,0,0,0,0,0,0,0,0,0,0,0,0,0,0,1,0,0,0,0,0,0,0,0,0,0,0,0,0,1,0,0
Google Women's Colorblock Tee White,0,0,0,1,0,0,0,0,0,0,0,0,0,0,0,0,0,0,0,0,0,0,0,0,0,0,0,0,0,0,0,0,0,0,0,0,0,0,0,0,0,0,0,0,0,0,0
Google Women's Convertible Vest-Jacket Black,0,0,0,0,0,0,0,1,0,0,0,0,2,1,0,0,0,1,0,0,2,4,1,0,1,0,0,1,1,0,2,0,1,0,0,1,0,1,2,1,1,0,0,2,1,0,0
Google Women's Convertible Vest-Jacket Sea Foam Green,2,4,3,1,0,1,3,0,0,2,5,2,3,0,1,1,2,3,1,4,0,0,1,4,0,0,0,1,2,0,1,1,2,1,4,1,1,1,2,1,4,1,3,1,3,0,2
Google Women's Fleece Hoodie,8,0,0,2,1,1,3,3,1,2,1,2,4,5,1,4,3,1,6,3,6,5,2,2,4,2,3,1,6,8,0,0,10,2,1,1,5,3,0,5,2,2,2,1,4,1,1
Google Women's Lightweight Microfleece Jacket,4,0,1,1,2,2,4,5,2,3,3,2,1,0,3,0,1,1,1,0,1,1,2,3,1,3,3,4,2,1,2,1,1,2,1,1,2,2,3,3,1,3,2,4,0,1,2
Google Women's Long Sleeve Blended Cardigan Charcoal,1,3,3,4,1,4,3,7,1,3,3,2,2,0,0,1,1,5,3,2,2,2,0,6,0,1,2,3,4,2,1,2,1,4,3,0,3,2,1,0,0,0,3,0,2,1,1
Google Women's Long Sleeve Tee Lavender,4,4,0,2,2,4,0,2,0,3,4,1,2,1,2,1,0,2,2,0,2,2,3,3,2,4,1,3,0,2,2,1,1,5,2,2,1,2,3,2,0,3,4,0,2,1,0
Google Women's Performance Golf Polo Blue,5,1,2,0,9,3,2,2,1,1,0,5,3,1,1,2,2,0,4,3,1,2,0,4,1,2,6,1,8,1,2,4,0,1,1,2,2,3,0,2,2,2,3,2,0,1,4
Google Women's Performance Hero Tee Gunmetal,0,2,1,1,0,2,0,1,0,1,1,0,0,0,0,0,1,1,1,0,1,0,0,3,2,0,2,1,1,1,0,1,0,0,1,1,0,1,0,0,0,0,0,0,0,0,0
Google Women's Performance Polo Grey/Black,0,0,0,0,0,0,0,0,0,0,0,0,0,0,0,0,0,0,0,6,0,0,0,0,0,0,0,0,0,0,0,0,0,0,0,0,0,0,0,0,0,0,0,0,0,0,0
Google Women's Quilted Insulated Vest Black,0,0,0,1,1,0,1,0,1,0,3,0,4,1,0,0,1,2,0,0,0,1,1,0,1,1,0,0,2,3,0,0,1,0,4,0,5,1,0,2,4,0,1,0,0,1,2
Google Women's Quilted Insulated Vest White,1,2,0,2,1,1,2,2,2,0,4,0,2,0,0,1,1,0,0,1,0,1,1,0,0,0,2,1,1,3,0,0,0,0,0,2,0,1,0,2,4,0,2,0,1,3,1
Google Women's Scoop Neck Tee Black,5,1,2,4,2,6,9,10,7,11,9,4,13,3,1,7,2,5,7,9,5,5,2,5,5,0,6,5,7,9,5,10,6,1,9,4,6,2,3,5,1,3,3,2,6,6,2
Google Women's Scoop Neck Tee Green,0,0,0,2,0,0,0,0,0,0,2,0,1,0,0,0,0,0,0,0,0,0,2,0,0,0,0,0,1,0,0,0,0,0,0,0,0,0,0,0,0,0,0,0,0,0,0
Google Women's Scoop Neck Tee White,4,4,3,0,3,6,3,5,2,6,6,3,6,0,2,3,3,5,6,7,6,2,2,7,5,10,1,4,5,1,7,7,6,3,5,3,5,7,3,5,1,0,6,0,4,7,1
Google Women's Shell Jacket Blue/Black,1,0,0,0,0,2,1,2,0,0,3,2,0,0,0,0,1,0,2,1,0,1,0,1,1,2,2,1,0,0,0,1,0,1,1,0,1,1,1,1,1,0,3,3,1,0,1
Google Women's Short Sleeve Badge Tee Grey,13,1,2,4,5,8,2,5,1,5,9,8,7,3,9,6,2,6,3,1,3,5,0,10,5,6,4,5,10,7,2,5,1,9,5,1,7,4,9,3,8,7,7,4,5,4,0
Google Women's Short Sleeve Badge Tee Navy,8,3,0,5,2,4,2,4,1,1,2,1,3,0,2,1,0,1,0,1,0,0,2,3,6,4,3,2,0,0,0,1,3,2,5,4,5,1,4,1,2,3,3,1,0,4,1
Google Women's Short Sleeve Badge Tee Red Heather,1,0,0,1,2,0,0,0,0,0,0,0,1,0,0,0,0,0,0,0,0,0,0,0,1,0,0,0,0,0,0,0,0,0,0,1,1,2,1,0,0,0,3,0,0,0,0
Google Women's Short Sleeve Hero Dark Grey,0,0,0,0,0,1,0,0,0,0,0,0,0,0,0,0,0,1,0,0,0,0,0,0,0,0,0,0,1,0,0,0,0,0,1,0,1,0,0,0,1,0,0,0,1,0,0
Google Women's Short Sleeve Hero Tee Black,7,1,3,6,7,2,3,5,0,2,7,1,0,1,7,2,1,2,2,2,5,2,8,4,2,4,2,3,7,8,0,6,5,5,5,4,3,5,1,4,0,0,5,3,7,0,1
Google Women's Short Sleeve Hero Tee Grey,9,8,2,7,2,5,3,6,5,9,5,2,9,2,7,2,1,7,7,9,2,4,10,11,3,2,10,9,7,11,4,6,3,6,10,4,4,4,5,8,1,5,5,1,3,8,3
Google Women's Short Sleeve Hero Tee Heather,6,0,2,3,5,6,1,5,1,4,4,1,3,1,7,0,2,2,0,5,5,2,2,0,5,5,6,4,4,5,3,1,3,4,1,2,2,4,6,3,4,1,3,5,4,2,3
Google Women's Short Sleeve Hero Tee Red Heather,2,0,0,2,1,5,0,4,1,1,4,3,4,0,0,0,2,3,5,2,3,5,1,3,0,1,1,0,5,9,0,2,0,2,3,4,0,1,1,5,1,5,0,2,0,4,1
Google Women's Short Sleeve Hero Tee Sky Blue,5,0,1,0,1,5,1,2,2,3,3,0,4,1,0,1,2,1,2,0,0,2,1,0,2,2,4,4,4,2,0,3,1,1,1,1,3,1,2,2,0,2,3,2,0,2,1
Google Women's Short Sleeve Hero Tee White,8,5,5,8,1,5,10,10,3,3,4,6,5,2,3,4,2,2,4,0,6,8,4,3,3,7,5,4,12,8,2,2,1,3,2,4,5,4,5,2,3,3,14,2,7,3,2
Google Women's Short Sleeve Performance Tee Black,0,0,0,0,0,0,0,0,0,1,0,0,0,0,3,0,0,0,0,1,0,0,0,0,0,0,0,3,1,0,0,0,0,0,0,0,0,0,0,0,0,0,0,0,0,1,0
Google Women's Short Sleeve Performance Tee Charcoal,1,0,0,1,0,3,1,1,0,1,1,0,0,0,0,0,0,1,0,1,2,0,0,2,1,4,4,2,1,0,0,1,1,4,1,2,3,0,3,1,1,2,0,3,1,1,0
Google Women's Short Sleeve Performance Tee Navy,0,0,1,0,0,0,2,0,0,0,0,0,0,0,0,1,0,0,1,5,0,1,0,0,1,0,0,0,3,0,0,0,0,0,0,0,0,0,1,0,0,1,0,0,0,0,0
Google Women's Short Sleeve Performance Tee Pewter,0,1,1,0,0,1,1,2,0,0,2,2,0,0,1,0,1,0,0,0,3,0,0,1,0,0,0,0,3,3,1,5,1,4,4,1,1,0,1,0,0,0,1,0,1,0,0
Google Women's Softshell Jacket Black/Grey,0,0,2,0,0,2,0,1,0,1,0,0,0,0,2,0,0,0,0,0,0,0,0,0,0,0,2,0,1,2,1,0,0,4,0,0,3,0,0,0,0,1,0,0,1,0,0
Google Women's Tee Grey,9,3,3,3,20,12,9,3,0,3,5,6,5,1,8,4,3,4,2,4,2,4,3,6,2,8,4,5,6,2,10,5,3,11,9,5,4,3,3,11,9,2,3,9,4,4,2
Google Women's Vintage Hero Tee Black,9,9,4,4,6,7,12,15,2,5,4,2,12,2,2,4,1,4,6,7,6,11,6,10,7,3,7,6,8,3,5,9,9,2,6,12,7,5,5,3,2,5,8,8,6,11,6
Google Women's Vintage Hero Tee Lavender,3,7,4,8,4,6,1,5,1,3,5,2,9,5,6,2,0,6,3,4,10,4,3,2,3,3,5,5,5,7,6,9,1,3,5,9,2,3,5,6,2,1,11,6,6,3,2
Google Women's Vintage Hero Tee Platinum,1,4,0,1,2,3,1,8,4,1,9,1,3,1,1,1,2,1,1,2,4,0,2,4,5,2,4,1,5,2,5,1,2,1,2,3,1,1,4,2,0,0,2,0,1,2,3
Google Women's Vintage Hero Tee White,2,0,0,1,5,2,1,4,2,2,2,1,5,1,2,1,0,0,2,2,0,5,3,1,0,2,7,0,4,5,3,4,1,0,1,5,3,2,1,3,0,3,1,1,1,2,2
Google Women's Yoga Jacket Black,0,4,1,0,1,6,2,2,1,2,1,1,3,2,2,2,1,3,0,1,1,0,1,4,3,1,2,3,3,5,1,4,4,2,4,0,4,2,0,0,1,4,3,2,1,1,1
Google Women's Yoga Pants,1,0,0,3,0,0,0,0,0,0,0,0,0,1,0,0,0,0,0,0,1,0,0,0,2,0,0,0,0,0,2,0,2,0,0,0,0,0,0,0,1,1,1,0,0,0,0
Google Women's Zip Hoodie Grey,0,0,0,1,0,0,0,0,0,0,0,0,0,0,0,0,0,0,0,0,0,0,0,0,0,0,0,0,0,0,0,0,0,0,0,1,0,0,0,0,1,2,0,0,0,0,0
Google Womens 3/4 Sleeve Baseball Raglan Heather/Black,1,0,0,3,2,0,7,3,0,1,5,1,1,0,0,0,6,0,1,1,1,1,4,1,5,3,3,1,1,3,2,0,5,0,1,0,2,1,1,1,1,1,2,1,0,2,2
Google Wool Heather Cap Heather/Navy,1,1,1,1,1,0,0,0,0,1,5,0,1,1,0,0,1,0,0,0,1,1,1,1,1,2,1,0,0,1,0,0,2,1,2,3,2,1,0,0,0,1,1,0,0,1,0
Google Youth Baseball Raglan Heather/Black,3,2,2,1,2,2,1,3,0,4,2,0,1,1,3,0,4,0,1,4,2,3,0,0,1,1,0,1,2,5,0,4,4,1,4,1,0,0,2,6,0,0,5,0,3,0,1
Google Youth Girl Hoodie,1,0,0,4,0,2,1,0,0,4,1,4,0,1,0,1,2,0,0,2,4,0,0,1,2,0,2,0,0,2,1,1,0,1,0,0,1,0,3,0,0,0,0,3,1,1,1
Google Youth Girl Tee Green,1,0,1,4,0,3,0,1,0,1,0,0,0,0,3,0,0,0,2,1,0,0,0,0,1,1,0,0,0,1,1,0,1,0,0,2,2,0,1,0,0,0,0,2,1,0,0
Google Youth Short Sleeve T-shirt Green,0,1,0,0,0,2,0,1,0,0,0,0,2,2,1,0,1,0,3,1,1,2,0,0,2,2,2,1,0,3,1,1,3,0,3,0,1,0,2,2,0,1,2,3,0,2,0
Google Youth Short Sleeve T-shirt Royal Blue,1,1,0,0,1,4,1,0,0,1,0,0,1,1,1,1,0,0,0,0,2,0,0,1,1,2,0,1,1,2,0,3,1,0,1,0,1,0,0,1,0,1,0,0,0,0,0
Google Youth Short Sleeve T-shirt Yellow,1,2,0,1,1,0,0,0,0,0,0,0,0,1,1,0,0,1,3,1,1,1,1,1,1,2,2,0,0,2,0,3,1,0,2,0,0,0,1,0,0,0,1,2,0,2,0
Google Youth Short Sleeve Tee Red,2,3,2,1,0,7,3,8,0,1,0,2,0,1,3,0,0,1,0,4,1,2,1,2,0,1,1,0,2,3,1,2,2,1,1,0,2,1,1,2,3,0,3,1,4,0,2
Google Youth Short Sleeve Tee White,3,0,1,1,1,3,3,1,1,1,5,0,0,0,0,0,1,0,3,1,2,4,1,0,0,2,2,1,2,5,1,0,1,1,1,1,4,1,1,0,1,0,2,0,1,0,3
Google Youth Sports Tee Navy,0,0,1,0,0,2,0,0,0,0,0,0,0,0,0,0,1,1,0,0,2,1,0,0,1,0,0,0,0,1,0,3,0,0,0,0,0,0,0,1,0,0,2,0,0,0,0
Google Zip Hoodie Black,13,0,0,0,1,1,0,0,1,0,0,0,0,1,4,0,0,0,0,1,0,1,0,1,0,4,3,1,0,1,1,2,0,0,3,0,2,0,0,1,4,0,0,0,0,0,0
Google Zipper-front Sports Bag,2,0,0,0,2,1,0,2,1,0,3,0,1,0,1,0,0,0,1,0,4,0,1,1,1,0,0,0,1,3,3,1,0,1,0,2,1,0,1,1,0,0,3,0,0,1,2
Grip Highlighter Pen 3 Pack,1,0,1,0,1,0,1,2,0,0,0,3,0,0,0,1,1,1,0,0,0,0,0,0,2,3,0,1,0,2,0,0,3,0,0,1,1,3,0,0,0,1,0,2,1,1,0
Gunmetal Roller Ball Pen,3,2,1,2,2,2,1,1,0,0,2,0,0,0,1,0,1,0,0,2,0,1,1,1,0,0,0,2,3,0,1,1,0,0,0,1,1,0,0,1,0,4,3,0,0,0,1
Insulated Bottle,3,2,0,1,1,5,1,0,0,3,2,0,3,1,1,0,0,0,0,1,0,2,3,0,1,1,1,0,1,0,0,1,0,3,1,0,0,0,0,1,0,1,1,3,1,1,0
Keyboard DOT Sticker,4,2,3,2,4,6,2,4,1,3,7,5,5,3,1,3,4,4,4,8,4,6,7,3,3,6,6,3,5,7,4,4,7,6,2,6,5,5,0,4,3,6,2,5,3,1,0
Large Zipper Top Tote Bag,1,0,0,2,0,0,1,1,0,1,2,0,1,0,1,0,0,0,0,0,2,0,1,1,0,0,1,0,1,2,1,0,0,1,1,0,0,1,0,0,0,1,0,0,0,0,0
Leather and Metal Ballpoint Pen,0,1,0,2,0,3,2,0,0,0,2,0,1,1,0,1,0,0,1,1,0,3,0,0,0,1,1,0,0,0,0,1,3,0,1,1,2,3,0,1,0,1,1,1,0,0,0
Leatherette Journal,5,6,1,5,2,2,9,6,5,4,9,3,5,3,3,1,6,3,5,8,7,8,4,3,4,7,2,3,8,8,3,3,12,6,4,6,5,7,5,1,3,3,6,3,2,4,2
Maze Pen,12,9,5,5,4,16,5,9,8,7,14,9,8,6,6,8,3,3,7,7,10,13,12,6,3,11,4,5,6,9,10,7,6,12,4,17,10,6,7,5,4,10,10,7,11,7,11
Men's Softshell Jacket Black/Grey,3,1,0,2,0,4,2,0,0,4,1,0,1,0,0,2,0,2,0,0,1,1,1,3,0,1,0,0,2,0,0,1,0,5,1,1,3,3,0,2,1,0,2,1,2,1,1
Men's Weatherblock Shell Jacket Black,6,4,1,2,1,8,5,6,3,2,4,1,3,2,2,1,2,1,3,1,2,1,1,2,2,4,1,5,0,2,1,3,3,1,3,2,1,0,0,3,4,2,2,4,3,1,0
Metal Texture Roller Pen,1,2,0,1,3,1,3,1,1,1,3,1,4,0,2,1,1,1,1,2,2,3,1,1,0,3,1,1,2,1,0,0,0,1,0,2,1,1,1,6,0,0,5,1,0,1,0
Nest Cam Indoor Security Camera - CA,3,1,3,1,1,3,0,4,0,2,2,0,3,2,2,3,1,0,2,1,2,2,0,1,0,2,2,0,2,4,3,0,2,2,1,3,1,2,2,3,0,0,5,2,1,1,2
Nest Cam Indoor Security Camera - USA,92,29,53,83,53,110,56,110,41,69,116,59,83,36,36,49,37,51,61,58,98,78,58,95,67,82,73,40,64,119,67,93,83,60,82,74,89,66,57,65,51,77,78,72,60,47,53
Nest Cam IQ - CA,0,0,0,0,0,0,0,0,0,0,0,0,0,0,0,0,0,0,0,0,0,1,0,1,1,0,0,0,0,0,1,0,0,0,0,0,0,0,0,0,0,0,0,0,0,0,0
Nest Cam IQ - USA,24,7,5,8,17,24,13,14,6,15,18,5,11,8,15,6,8,7,13,13,11,15,15,16,7,27,10,12,22,21,18,10,8,24,9,20,14,11,11,9,9,9,15,8,13,8,10
Nest Cam IQ Outdoor - USA (Preorder),6,2,2,1,2,4,3,3,0,1,4,7,3,1,2,0,0,0,2,4,2,0,0,6,0,5,9,4,4,6,2,4,3,5,4,7,4,3,3,3,3,2,7,2,5,5,3
Nest Cam Outdoor Security Camera - CA,1,3,0,3,0,3,0,3,1,1,4,0,0,3,0,1,3,0,1,3,1,3,0,1,0,0,1,1,0,1,5,1,0,3,1,0,0,0,1,4,0,1,2,1,0,0,3
Nest Cam Outdoor Security Camera - USA,113,42,48,86,68,102,62,109,49,53,108,48,86,42,57,47,41,52,65,67,89,92,52,95,51,81,82,33,65,147,64,94,81,64,75,101,69,62,63,78,51,83,79,63,62,56,51
Nest Detect - USA,1,1,0,1,11,5,0,0,0,2,3,0,0,1,0,0,0,0,0,1,0,3,1,5,2,8,3,0,3,3,1,2,0,0,3,2,0,0,0,2,4,0,0,4,2,0,0
Nest Learning Thermostat 3rd Gen - CA - Stainless Steel,2,3,1,2,1,4,3,4,0,2,3,1,4,2,1,4,1,2,1,7,2,3,3,4,1,2,1,1,4,2,4,2,3,4,0,3,1,2,0,3,4,2,4,1,2,1,2
Nest Learning Thermostat 3rd Gen-USA - Copper,15,6,5,11,12,20,8,8,0,8,10,9,12,4,5,1,2,8,5,12,9,8,8,10,2,15,11,12,8,16,11,14,4,9,10,8,12,5,8,14,5,3,10,4,7,6,3
Nest Learning Thermostat 3rd Gen-USA - Stainless Steel,108,44,49,88,48,92,73,107,41,83,116,37,77,47,48,49,41,46,63,75,106,103,60,89,60,102,73,57,80,142,80,89,83,71,75,126,77,70,81,55,54,105,99,84,58,60,40
Nest Learning Thermostat 3rd Gen-USA - White,39,9,15,22,22,38,21,27,8,14,41,18,18,14,17,13,22,19,19,26,25,34,26,32,12,41,31,19,23,44,28,33,16,31,23,34,29,20,24,22,12,20,26,17,18,15,12
Nest Protect Smoke + CO Black Battery Alarm-USA,1,0,0,0,0,0,1,2,0,0,2,0,1,0,0,0,0,0,0,0,0,2,0,1,0,0,0,0,1,1,0,1,0,0,0,0,0,0,0,0,0,0,1,3,0,0,0
Nest Protect Smoke + CO Black Wired Alarm-USA,0,0,0,0,1,0,1,0,2,1,0,1,0,1,0,0,0,0,0,0,2,0,0,1,1,0,1,0,1,1,0,0,2,0,0,0,0,0,0,0,0,0,0,0,1,1,1
Nest Protect Smoke + CO White Battery Alarm - CA,2,0,0,1,1,2,0,1,0,1,0,0,2,0,0,2,0,0,0,1,0,2,0,0,1,0,1,1,0,0,1,4,3,0,0,3,0,0,0,2,0,2,3,1,0,0,1
Nest Protect Smoke + CO White Battery Alarm-USA,38,23,16,28,12,51,27,47,20,22,37,18,32,15,13,21,13,19,30,39,37,28,18,26,29,56,28,14,40,58,33,43,32,31,25,49,34,28,29,25,14,28,39,23,22,29,22
Nest Protect Smoke + CO White Wired Alarm - CA,0,0,0,0,0,2,0,1,0,2,1,1,0,1,1,0,0,0,0,3,2,2,1,3,0,0,1,1,0,1,0,1,0,1,0,1,0,2,0,0,0,0,0,0,0,1,2
Nest Protect Smoke + CO White Wired Alarm-USA,34,13,14,30,16,46,21,24,8,27,41,14,29,19,11,20,11,15,26,21,30,27,16,27,12,24,27,23,20,39,20,42,13,21,32,40,29,20,25,20,10,26,23,16,17,18,8
Nest Secure Alarm System Starter Pack - USA,24,2,3,7,16,15,7,7,2,8,11,12,3,6,8,2,7,10,5,16,14,14,10,16,5,28,13,6,9,11,10,17,14,15,6,21,6,5,12,17,10,10,12,15,18,12,1
Nest Tag - USA,0,0,0,0,3,0,0,1,0,1,0,0,0,0,1,0,0,0,0,0,0,1,0,2,0,2,1,0,1,1,0,1,0,0,2,0,0,0,0,1,1,0,0,1,1,0,0
Nest  Thermostat E - CA,0,1,0,0,0,0,0,0,0,0,0,0,1,0,0,0,0,0,0,0,0,0,0,0,0,0,1,1,1,0,0,0,0,0,0,0,0,0,0,1,0,0,2,1,0,0,1
Nest Thermostat E - USA,37,4,11,32,21,29,7,21,1,17,26,16,4,8,18,13,9,17,16,21,18,26,11,20,5,29,27,21,17,36,18,29,5,22,20,31,21,11,10,18,22,16,17,22,23,9,12
Pen Pencil & Highlighter Set,3,0,5,2,3,5,4,5,5,2,5,4,1,1,1,2,4,2,2,1,2,1,4,4,2,2,1,1,4,1,2,4,0,3,4,4,3,3,2,3,1,1,2,2,1,4,0
Rainbow Stylus Pen,2,1,2,1,0,0,1,1,2,2,1,0,1,1,3,0,0,0,1,0,2,1,1,1,1,1,3,0,1,4,1,2,1,1,1,3,0,0,0,1,0,0,4,2,2,2,0
Recycled Paper Journal Set,8,4,6,17,9,10,9,12,9,7,12,5,5,1,4,1,5,4,7,3,5,4,11,7,6,5,6,1,8,8,8,8,8,4,2,10,3,10,8,8,2,4,5,7,3,7,1
Red Shine 15 oz Mug,10,11,5,8,5,12,11,9,2,6,12,4,8,5,6,7,6,2,4,10,2,9,9,9,5,7,9,4,4,15,7,7,12,9,5,6,3,5,2,7,2,4,10,7,3,5,5
Red Spiral Google Notebook,1,1,1,1,0,2,0,2,4,3,5,1,1,3,1,0,2,0,2,2,3,0,2,1,1,3,1,2,0,4,0,2,2,1,4,2,0,0,0,2,0,6,6,3,0,2,1
Retractable Ballpoint Pen Red,3,0,1,0,2,0,2,2,2,0,1,0,1,1,0,0,1,1,1,0,0,2,1,1,0,1,2,1,2,1,1,0,1,0,0,0,2,1,0,0,0,0,0,0,0,0,0
Reusable Shopping Bag,1,0,3,2,0,1,0,1,1,4,6,2,1,1,0,2,3,0,1,1,1,3,2,2,2,1,0,1,2,0,1,2,2,0,1,0,2,1,0,1,0,4,4,0,0,2,0
Rubber Grip Ballpoint Pen 4 Pack,1,2,2,0,2,2,2,3,3,4,7,3,3,2,0,1,1,4,1,5,6,8,2,0,2,1,2,3,0,3,1,2,0,1,2,5,1,1,1,2,0,6,3,2,1,2,0
Satin Black Ballpoint Pen,2,4,0,2,5,2,3,3,3,5,1,0,4,0,1,1,0,1,3,5,1,2,0,2,3,1,2,0,1,1,1,3,3,2,2,0,1,1,1,0,1,1,3,0,1,0,0
Seat Pack Organizer,0,0,1,0,0,1,2,0,0,0,0,0,0,0,0,0,0,0,1,2,0,2,0,2,0,1,1,2,0,1,2,1,0,0,0,1,0,0,0,0,0,2,3,0,1,0,0
Softsided Travel Pouch Set,0,1,0,0,0,0,0,1,0,1,2,1,0,0,0,0,0,0,0,1,1,0,0,0,0,1,0,2,1,0,0,0,1,0,0,0,1,1,0,1,0,0,1,0,1,0,0
SPF-15 Slim & Slender Lip Balm,2,2,1,5,0,8,3,2,1,3,3,1,5,2,4,0,1,2,2,2,3,2,4,4,1,6,3,2,2,4,1,3,2,1,1,4,6,3,3,3,1,4,4,2,1,3,0
Spiral Notebook and Pen Set,4,5,3,2,1,6,1,2,2,3,6,1,1,1,2,1,5,1,2,3,3,4,1,4,2,2,1,1,4,4,4,1,6,3,0,2,1,2,3,5,4,2,2,2,2,3,1
Sport Bag,16,3,3,5,2,16,16,10,3,5,11,11,13,5,6,6,5,3,7,11,14,13,9,9,6,8,8,6,16,13,12,10,5,10,5,12,7,8,6,13,7,13,12,11,7,6,5
Straw Beach Mat,0,0,0,0,1,0,0,1,0,2,0,1,0,0,1,1,0,0,0,0,1,0,0,0,0,0,0,0,0,1,0,0,0,1,0,0,0,0,0,0,0,0,1,0,0,1,0
Suitcase Organizer Cubes,0,2,0,0,1,1,3,2,2,1,2,1,0,2,1,0,0,1,2,1,1,4,1,1,0,4,0,1,4,1,2,3,0,1,2,3,2,0,0,1,0,1,1,0,1,1,1
Switch Tone Color Crayon Pen,3,2,1,1,4,9,3,7,6,2,2,4,5,0,2,4,1,2,4,5,5,4,2,1,3,3,4,2,6,5,2,4,5,4,5,2,2,1,1,3,0,4,3,3,7,2,3
UpCycled Bike Saddle Bag,0,1,1,0,0,2,0,0,1,1,0,0,1,0,0,0,0,0,0,0,0,0,0,0,0,0,0,0,1,2,0,0,0,0,1,0,1,0,0,0,0,0,0,0,1,0,0
UpCycled Handlebar Bag,0,1,1,0,0,0,0,0,0,0,0,1,0,0,0,0,0,0,0,0,0,0,0,0,0,1,0,0,1,1,0,0,0,0,0,0,0,0,0,0,0,1,0,1,0,0,1
Waterproof Backpack,5,0,2,2,1,4,3,8,3,2,2,2,7,3,1,1,1,6,0,1,2,1,0,0,5,2,1,0,4,6,0,2,3,2,4,2,1,3,5,6,2,6,2,2,3,5,2
Waterproof Gear Bag,3,2,0,0,0,3,0,1,0,0,2,1,1,0,0,0,0,0,1,0,1,1,0,0,0,2,2,0,0,1,0,1,0,1,0,0,1,0,0,1,0,1,4,0,0,0,1
Waze Baby on Board Window Decal,5,2,1,1,0,1,1,2,4,1,2,2,3,0,1,1,2,0,2,2,4,0,1,2,3,1,1,3,1,2,2,0,2,1,3,2,4,3,1,1,1,3,1,2,0,0,1
Waze Dress Socks,0,2,0,3,2,3,1,2,3,2,3,1,2,1,2,2,0,1,1,2,1,0,0,1,0,1,0,1,1,2,2,4,2,3,0,3,2,2,1,2,5,0,2,0,1,0,1
Waze Men's Short Sleeve Tee,4,0,0,1,2,1,1,1,0,3,0,2,1,0,0,0,1,0,0,0,1,0,1,0,0,2,0,0,0,2,0,2,0,2,1,2,0,1,1,0,0,2,4,4,2,1,0
Waze Men's Typography Short Sleeve Tee,2,0,0,2,2,0,1,1,0,0,1,0,0,1,0,0,0,0,1,0,2,0,2,0,0,0,1,0,1,0,0,1,0,0,0,0,1,0,1,0,0,0,1,1,0,0,0
Waze Mobile Phone Vent Mount,4,2,1,2,4,5,5,7,1,7,10,3,2,4,2,6,2,1,3,2,5,2,2,4,5,6,1,2,2,5,3,15,2,1,2,2,3,3,0,4,2,6,2,3,1,6,3
Waze Mood Happy Window Decal,0,0,0,2,1,0,2,3,0,0,0,0,0,0,0,2,2,0,2,2,1,1,2,0,0,1,0,0,1,0,0,0,1,0,0,1,1,0,0,0,1,0,1,1,1,0,1
Waze Mood Ninja Window Decal,1,0,0,4,1,0,2,2,0,3,2,0,0,1,0,1,2,0,1,5,2,3,5,1,1,2,3,4,1,2,0,0,2,2,0,0,1,1,2,1,2,1,1,3,1,1,1
Waze Mood Original Window Decal,2,1,0,2,1,0,4,3,0,1,0,1,1,1,0,0,1,0,4,1,1,4,1,0,0,1,0,1,0,2,3,2,2,0,0,3,1,0,2,0,1,3,1,2,1,1,0
Waze Pack of 9 Decal Set,1,0,2,2,1,0,0,1,0,0,1,0,2,1,1,0,0,1,1,0,0,1,0,0,0,0,1,0,0,1,0,3,0,0,0,1,0,0,0,1,1,1,0,0,2,0,0
Waze Women's Short Sleeve Tee,1,0,0,0,0,1,0,2,0,0,0,0,0,0,0,0,1,0,0,1,0,0,0,0,0,0,0,0,0,0,0,0,0,0,0,0,1,0,1,0,0,0,2,0,0,0,0
Waze Women's Typography Short Sleeve Tee,0,0,0,1,0,0,0,1,0,0,1,0,0,0,0,0,0,0,1,1,0,0,0,0,1,0,0,0,0,2,0,0,1,0,0,0,0,0,0,0,0,0,1,0,1,0,0
Windup Android,12,9,6,6,5,11,11,21,5,7,9,6,11,4,8,5,7,7,7,14,15,10,7,12,5,12,13,9,5,12,3,8,8,6,8,9,8,9,2,11,3,6,8,7,7,4,3
Women's Performance Full Zip Jacket Black,3,2,1,2,1,7,0,3,3,1,4,1,2,2,0,1,0,0,2,1,2,5,0,0,0,2,2,1,5,2,2,1,1,1,1,1,0,1,2,0,1,2,4,1,0,3,0
Women's Weatherblock Shell Jacket Black,1,0,0,0,1,1,0,6,0,1,0,0,2,0,0,0,1,5,3,0,0,1,1,3,2,0,1,0,2,0,0,1,0,0,0,0,1,0,2,2,0,0,2,2,1,1,0
Yoga Block,1,0,1,1,0,1,0,3,0,1,1,0,0,0,1,0,0,1,1,0,3,1,1,0,0,1,0,0,2,1,0,0,0,2,1,0,0,0,0,0,0,1,0,0,0,1,0
Yoga Mat Blue,4,3,0,4,2,2,2,0,2,1,4,0,6,2,3,0,1,2,1,2,2,0,2,1,0,2,0,0,2,2,1,1,0,1,0,0,3,0,0,2,1,0,0,1,2,1,2
Yoga Mat Purple,0,0,0,0,0,1,0,1,0,0,1,0,0,0,1,0,0,0,0,0,1,0,0,0,1,1,1,0,0,0,0,0,1,2,0,0,0,0,0,0,0,0,0,0,0,0,0
You Tube Toddler Short Sleeve Tee Red,2,0,0,2,1,1,0,1,0,2,2,0,2,2,0,2,0,1,1,0,2,0,2,2,1,4,0,0,3,2,3,0,0,0,1,0,2,0,5,1,0,0,2,1,2,1,1
YouTube 3 lines Tee Grey,2,0,0,2,0,0,0,8,0,0,0,0,0,0,0,0,2,0,0,1,0,3,0,1,1,0,2,2,0,2,1,0,0,1,0,0,0,0,0,1,0,0,2,1,0,0,0
YouTube Custom Decals,12,7,4,8,17,16,9,12,3,6,12,7,8,4,11,6,3,11,9,7,4,14,9,10,9,12,9,5,10,14,10,14,12,15,6,9,8,12,5,13,7,8,6,7,8,7,4
YouTube Hard Cover Journal,2,0,0,1,1,3,0,3,2,1,2,0,2,0,0,1,0,0,2,1,2,3,0,1,1,2,1,0,3,3,1,1,1,1,1,3,2,2,3,1,1,1,1,0,0,3,2
YouTube Infant Short Sleeve Tee Red,0,0,0,0,0,0,0,0,0,0,2,2,0,0,0,0,0,0,0,0,0,1,0,0,0,0,0,0,0,0,0,0,0,0,0,0,0,0,0,0,0,0,0,0,0,1,0
YouTube Kids Onesie White,0,0,0,0,0,0,0,4,0,0,0,0,0,0,0,0,1,0,2,0,0,0,0,0,0,0,0,0,0,0,0,1,0,0,0,0,0,0,0,0,0,0,0,0,0,0,0
YouTube Kids Tee Black,0,0,0,2,0,0,0,0,0,1,0,0,0,0,0,0,0,0,0,0,0,2,0,0,0,0,0,0,0,0,0,0,0,0,0,0,0,0,0,0,0,0,0,0,0,0,0
YouTube Kids Tee White,0,0,0,3,0,0,0,0,0,1,1,0,0,0,0,0,0,0,0,0,0,0,0,2,0,2,0,0,0,0,0,4,0,1,0,0,0,0,1,0,0,0,0,0,0,0,0
YouTube Leatherette Notebook Combo,5,3,2,2,0,2,1,3,3,5,3,2,5,1,2,2,2,1,0,2,5,0,5,1,2,2,3,0,1,6,3,4,10,3,2,4,1,4,0,5,0,6,2,2,1,6,2
YouTube Men's 3/4 Sleeve Henley,0,0,0,0,0,0,0,0,0,0,0,0,1,0,0,0,0,0,0,0,0,0,0,0,0,0,0,0,1,1,0,0,0,0,0,0,0,0,0,0,1,0,0,0,0,0,0
YouTube Men's Fleece Hoodie Black,5,5,5,3,0,2,4,5,3,7,9,1,6,0,3,1,1,4,3,2,3,2,1,2,2,1,4,0,5,5,3,2,1,2,2,3,5,2,1,4,3,4,3,0,3,2,0
YouTube Men's Long & Lean Tee Charcoal,3,5,1,0,1,3,2,1,0,3,2,0,1,0,2,0,0,1,6,0,1,1,3,6,1,1,1,4,1,3,0,3,1,1,1,0,4,2,0,0,2,2,1,2,1,2,1
YouTube Men's Long Sleeve Pullover Badge Tee Heather,0,0,0,0,0,0,0,0,0,0,1,0,0,0,0,0,0,0,0,0,0,0,0,0,0,0,0,0,0,0,2,2,0,0,0,1,0,0,0,0,0,2,0,0,2,0,0
YouTube Men's Short Sleeve Hero Tee Black,7,12,2,2,4,4,6,6,3,6,5,0,2,3,6,1,2,4,1,7,8,3,4,2,4,3,1,3,4,10,2,7,4,5,3,4,3,2,3,6,2,0,8,2,3,1,4
YouTube Men's Short Sleeve Hero Tee Charcoal,5,6,1,4,2,5,4,2,2,5,6,2,8,3,6,0,1,1,5,8,0,1,2,0,3,2,0,2,2,5,2,3,4,6,3,5,3,0,10,3,3,3,4,3,8,2,5
YouTube Men's Short Sleeve Hero Tee  White,0,0,0,0,0,1,0,0,0,0,0,0,0,0,0,0,0,0,0,0,0,1,1,1,0,1,1,3,1,0,0,0,1,2,0,0,1,0,1,0,0,0,0,0,0,0,0
YouTube Men's Short Sleeve Hero Tee White,3,5,0,2,2,0,0,4,1,0,6,1,1,1,0,0,1,1,1,1,2,0,2,1,1,0,1,0,1,3,0,2,0,1,0,1,0,1,0,0,0,1,1,1,2,0,0
YouTube Men's Skater Tee Charcoal,1,1,0,1,0,1,3,0,0,0,2,0,1,0,2,0,0,0,2,0,0,0,2,0,1,3,0,0,1,1,0,2,0,0,1,0,0,0,0,0,1,0,0,0,0,1,0
YouTube Men's Vintage Henley,1,2,1,1,0,1,2,3,2,0,2,2,1,0,0,0,1,2,2,2,1,5,0,5,1,4,0,0,3,3,2,3,1,2,3,3,4,2,1,1,0,7,4,1,2,2,2
YouTube Men's Vintage Tank,3,4,4,2,1,1,0,2,1,0,3,4,3,1,1,0,1,0,2,1,1,0,2,1,2,0,1,1,0,1,0,0,1,2,1,2,0,7,0,2,1,0,2,1,2,3,2
YouTube Men's Vintage Tee,0,0,0,1,2,0,0,0,0,1,1,0,1,0,0,0,0,0,0,0,2,1,0,1,0,0,1,5,0,2,1,0,1,0,0,1,3,0,0,1,1,1,0,0,1,5,0
YouTube Notebook and Pen Set,0,0,0,0,0,1,2,0,0,1,1,0,2,1,0,0,1,0,2,0,0,1,0,1,0,2,1,2,2,2,0,1,0,0,0,0,0,2,0,1,0,1,1,3,1,0,0
YouTube Onesie Heather,2,1,0,1,0,0,0,1,3,2,2,1,1,0,1,0,1,0,0,1,1,0,0,3,0,0,0,0,1,1,4,0,1,0,0,3,1,0,1,1,1,0,1,0,0,0,3
YouTube RFID Journal,1,1,0,0,0,2,0,0,1,0,1,0,0,0,0,0,0,1,1,0,3,0,1,0,0,1,2,1,0,0,1,1,0,0,0,0,1,0,1,1,0,0,0,2,0,1,0
YouTube Spiral Journal with Pen,2,1,0,0,1,0,2,0,0,0,1,1,0,0,0,1,1,0,1,0,4,1,0,2,2,0,0,0,0,2,0,1,4,0,1,0,0,0,0,1,0,0,1,2,1,0,0
YouTube Tee Black,2,0,3,1,2,1,0,6,5,0,0,0,1,1,1,4,4,0,0,0,4,3,4,2,4,9,0,3,1,2,2,5,5,2,1,0,1,0,0,0,0,0,1,2,2,0,1
YouTube Transmission Journal Black,0,0,0,0,0,0,0,0,1,0,0,1,0,0,0,1,0,0,0,0,0,0,0,1,0,0,0,0,0,1,0,2,0,0,0,0,0,0,0,0,0,0,0,0,0,0,0
YouTube Trucker Hat,0,0,0,0,0,0,1,2,1,0,2,0,2,0,1,0,0,1,1,0,0,1,0,2,0,1,0,1,0,1,0,2,1,0,0,1,1,0,0,1,0,3,0,0,0,0,0
YouTube Twill Cap,7,3,5,4,3,6,5,8,2,6,6,2,4,2,3,2,2,7,4,4,6,9,2,3,4,3,5,1,3,7,1,4,5,4,2,3,4,3,4,1,3,2,4,4,2,4,4
YouTube Women's Favorite Tee White,0,0,0,1,0,0,0,0,0,0,0,0,0,0,0,0,0,0,0,0,1,0,0,2,0,2,0,1,0,1,1,2,0,0,0,0,0,0,0,0,0,0,0,0,1,0,0
YouTube Women's Fleece Hoodie Black,0,1,1,2,1,0,3,0,0,3,2,3,2,2,3,0,1,0,1,2,2,1,0,3,3,2,1,2,1,5,0,2,4,1,2,1,3,3,0,2,3,0,3,3,2,0,0
YouTube Women's Racer Back Tank Black,0,1,0,0,0,0,0,0,0,0,0,0,0,0,0,0,0,0,0,0,0,0,0,0,0,1,0,0,0,0,0,0,0,0,0,0,0,0,0,1,0,0,1,1,0,0,0
YouTube Women's Short Sleeve Hero Tee Charcoal,1,1,0,0,0,1,1,1,1,3,1,1,2,1,0,0,0,2,1,2,2,4,1,1,1,0,0,1,0,1,0,4,2,2,1,4,1,0,3,0,0,0,0,1,3,2,0
YouTube Women's Short Sleeve Tri-blend Badge Tee Charcoal,2,3,0,1,2,1,1,0,2,0,4,0,1,4,6,1,1,1,2,2,4,0,3,5,0,1,0,1,1,2,1,2,2,2,1,1,2,1,2,1,2,1,2,3,1,8,0
YouTube Women's Short Sleeve Tri-blend Badge Tee Grey,0,0,0,0,0,0,0,0,0,1,2,0,1,0,0,0,0,0,0,0,0,1,0,1,0,0,1,0,0,0,0,0,0,0,0,1,0,0,1,1,0,1,0,0,0,0,0
YouTube Womens 3/4 Sleeve Baseball Raglan White/Black,0,0,0,0,0,0,0,0,0,0,0,2,0,0,0,0,0,0,0,0,0,1,0,0,0,0,0,0,0,0,0,0,2,0,0,1,0,0,1,0,0,0,0,0,0,0,0
YouTube Wool Heather Cap Heather/Black,4,0,0,0,1,0,0,0,0,0,0,0,0,0,1,0,1,2,0,0,0,1,0,0,0,1,0,0,1,0,0,0,1,1,0,0,0,0,0,0,0,0,0,0,1,0,0
YouTube Youth Short Sleeve Tee Red,4,1,1,2,1,6,2,9,1,4,9,0,6,1,0,1,0,3,3,1,3,5,0,2,1,3,3,0,2,6,0,3,2,1,1,3,4,2,5,4,0,4,1,0,1,1,4
